"Дезинфицирующее средство ""Aqualeon"" жидкое 30л с дыш.кр";11.01.2022 10:54:27;4.000;1,287.00
"Дезинфицирующее средство ""Aqualeon"" жидкое 30л с дыш.кр";14.01.2022 9:17:43;4.000;1,287.00
"Альгицид пролонгированного действия непенящийся ""Aqualeon"" 5кг";14.01.2022 9:17:43;2.000;844.00
"Дезинфицирующее средство ""Aqualeon"" жидкое 30л с дыш.кр";17.01.2022 11:58:35;48.000;1,287.00
"Дезинфицирующее средство ""Aqualeon"" жидкое 30л с дыш.кр";26.01.2022 13:46:34;10.000;1,487.00
"Коагулянт ""Aqualeon"" (25г) ведро 4 кг";26.01.2022 13:46:34;3.000;2,115.10
"Дез. ср-во ""Aqualeon"" быстрый стаб. хлор в таб. (20г) ведро 1,5 кг";26.01.2022 13:46:34;12.000;876.20
"Альгицид пролонгированного действия непенящийся ""Aqualeon"" 5кг";28.01.2022 10:49:45;1.000;844.00
"Дезинфицирующее средство ""Aqualeon"" жидкое 30л с дыш.кр";28.01.2022 10:49:45;4.000;1,487.00
"PH-минус ""Aqualeon"" жидкий 30л";28.01.2022 10:49:45;1.000;1,487.00
"PH-минус ""Aqualeon"" жидкий 30л";31.01.2022 10:41:23;12.000;1,487.00
"Коагулянт ""Aqualeon"" (25г) ведро 1,5 кг";31.01.2022 10:41:23;9.000;1,008.00
"Дезинфицирующее средство ""Aqualeon"" жидкое 30л с дыш.кр";31.01.2022 10:41:23;36.000;1,487.00
"Дез. ср-во ""Aqualeon"" быстрый стаб. хлор в таб. (20г) ведро 4 кг";31.01.2022 10:41:23;3.000;2,144.00
"Втулка с внутренней резьбой ПВХ 25-3/4""";03.02.2022 10:48:07;1.000;109.00
Угольник ПВХ 25*90 (Испания);03.02.2022 10:48:07;6.000;42.00
"Втулка с внутренней резьбой ПВХ 25/20-1""";03.02.2022 10:48:07;2.000;118.00
Муфта разборная ПВХ D25 (Испания);03.02.2022 10:48:07;2.000;211.00
"Ниппель ПВХ D32/25-1/2""";03.02.2022 10:48:07;1.000;64.00
Муфта ПВХ D 25;03.02.2022 10:48:07;2.000;45.00
"Ниппель ПВХ D32/25-1""";03.02.2022 10:48:07;3.000;64.00
Тройник ПВХ D25x90 (Испания);03.02.2022 10:48:07;1.000;56.00
"Дезинфицирующее средство ""Aqualeon"" жидкое 30л с дыш.кр";08.02.2022 10:00:38;5.000;1,487.00
"PH-минус ""Aqualeon"" жидкий 30л";08.02.2022 10:00:38;1.000;1,487.00
"Дезинфицирующее средство ""Aqualeon"" жидкое 30л с дыш.кр";09.02.2022 11:51:21;48.000;1,487.00
"Дез. ср-во ""Aqualeon"", медленный стаб. хлор. в таб.(200гр) ведро 5кг";15.02.2022 9:41:10;2.000;2,788.50
"Дезинфицирующее средство ""Aqualeon"" жидкое 30л с дыш.кр";02.03.2022 11:04:39;5.000;1,487.00
"Дезинфицирующее средство ""Aqualeon"" жидкое 30л с дыш.кр";14.03.2022 13:04:35;48.000;1,749.08
"Дезинфицирующее средство ""Aqualeon"" жидкое 30л с дыш.кр";22.03.2022 10:46:45;2.000;1,677.20
"PH-минус ""Aqualeon"" жидкий 30л";22.03.2022 10:46:45;2.000;1,691.20
Угольник ПВХ 63*90 (Испания);24.03.2022 12:34:53;1.000;318.00
Труба д.63х3.0 мм 10 Бар НПВХ клеевая с раструбом;24.03.2022 12:34:53;6.000;362.00
Труба д.50х2.4 мм 10 Бар НПВХ клеевая с раструбом;24.03.2022 12:34:53;3.000;290.00
"Дез. ср-во ""Aqualeon"" быстрый стаб. хлор в таб. (20г) 0,5кг";24.03.2022 13:58:03;2.000;514.00
"Дез. ср-во ""Aqualeon"" медлен.стаб.хлор компл.действия таб (200г) ведро 5кг";24.03.2022 13:58:03;8.000;3,609.00
"Дез. ср-во ""Aqualeon"" быстрый стаб. хлор в таб. (20г) ведро 4 кг";24.03.2022 13:58:03;5.000;2,701.00
"Альгицид пролонгированного действия непенящийся ""Aqualeon"" 1кг";24.03.2022 13:58:03;144.000;285.00
"Очиститель минерального налета ""Aqualeon"" 1кг";24.03.2022 13:58:03;10.000;358.00
"Коагулянт ""Aqualeon"" жидкий 1л";24.03.2022 13:58:03;12.000;155.00
"БСХ Дез. ср-во ""Aqualeon"" быстрый хлор гранулы (ведро 1кг)";24.03.2022 13:58:03;12.000;694.00
"Дезинфицирующее средство ""Aqualeon"" жидкое 30л с дыш.кр";25.03.2022 11:12:37;2.000;2,396.00
"PH-минус ""Aqualeon"" жидкий 30л";25.03.2022 11:12:37;1.000;2,556.00
"Дезинфицирующее средство ""Aqualeon"" жидкое 30л с дыш.кр";25.03.2022 11:36:37;6.000;1,677.20
"Дез. ср-во ""Aqualeon"" медлен.стаб.хлор компл.действия таб (200г) ведро 5кг";25.03.2022 11:45:15;10.000;3,609.00
"Дез. ср-во ""Aqualeon"" медлен.стаб.хлор компл.действия таб (20г) ведро 4кг";25.03.2022 11:45:15;6.000;2,978.00
"Коагулянт ""Aqualeon"" (25г) ведро 4 кг";25.03.2022 11:45:15;4.000;2,665.00
"Дез. ср-во ""Aqualeon"" быстрый стаб. хлор в таб. (20г) ведро 4 кг";25.03.2022 11:45:15;10.000;2,701.00
"Дезинфицирующее средство ""Aqualeon"" жидкое 30л с дыш.кр";30.03.2022 11:34:16;5.000;1,677.20
"Дезинфицирующее средство ""Aqualeon"" жидкое 30л с дыш.кр";01.04.2022 10:15:58;1.000;1,797.00
Шланг FITT EVAPOOL (стенка EVA арм. спиралью PE) для очистки бассейнов (t-10С+50С) 38mm метр;01.04.2022 10:15:58;25.000;412.00
"Альгицид пролонгированного действия непенящийся ""Aqualeon"" 5кг";07.04.2022 9:55:44;2.000;1,013.00
"Дезинфицирующее средство ""Aqualeon"" жидкое 30л с дыш.кр";07.04.2022 9:55:44;5.000;1,677.00
"Дез. ср-во ""Aqualeon"" быстрый стаб. хлор в таб. (20г) ведро 4 кг";14.04.2022 12:57:09;1.000;5,324.00
"Дез. ср-во ""Aqualeon"" медлен.стаб.хлор компл.действия таб (200г) ведро 3кг";14.04.2022 12:57:09;1.000;3,768.00
Таблетки DPD 1 (Р) блистер;14.04.2022 12:57:09;10.000;150.00
Таблетки pH (Р) блистер;14.04.2022 12:57:09;10.000;150.00
"PH-минус ""Aqualeon"" жидкий 12кг";14.04.2022 12:57:09;1.000;1,044.00
"Альгицид пролонгированного действия непенящийся ""Aqualeon"" 30кг";19.04.2022 9:49:56;1.000;5,164.00
"Регулятор PH-минус ""Aqualeon"" гранулы (ведро 4кг)";19.04.2022 9:49:56;2.000;2,642.00
"Дезинфицирующее средство ""Aqualeon"" жидкое 30л с дыш.кр";19.04.2022 10:23:49;5.000;1,677.00
"Дез. ср-во ""Aqualeon"" быстрый стаб. хлор в таб. (20г) ведро 4 кг";28.04.2022 13:08:44;6.000;3,301.00
"Альгицид пролонгированного действия непенящийся ""Aqualeon"" 1кг";28.04.2022 13:08:44;80.000;258.00
"Дез. ср-во ""Aqualeon"" медлен.стаб.хлор компл.действия таб (200г) ведро 5кг";28.04.2022 13:08:44;6.000;3,678.00
"PH-минус ""Aqualeon"" жидкий 30л";05.05.2022 14:09:42;2.000;2,556.00
Штанга телескопическая Pool King 1,8-3,8м ;06.05.2022 13:07:29;1.000;2,767.00
Наконечник FITT EVAPOOI для пылесосного шланга 38 мм;06.05.2022 13:07:29;2.000;227.00
Шланг FITT EVAPOOL (стенка EVA арм. спиралью PE) для очистки бассейнов (t-10С+50С) 38mm метр;06.05.2022 13:07:29;8.000;492.00
"Дезинфицирующее средство ""Aqualeon"" жидкое 30л с дыш.кр";12.05.2022 10:11:25;5.000;1,677.00
"Дезинфицирующее средство ""Aqualeon"" жидкое 30л с дыш.кр";13.05.2022 15:44:20;10.000;1,677.00
"PH-минус ""Aqualeon"" жидкий 30л";13.05.2022 15:44:20;2.000;1,789.00
"Дез. ср-во ""Aqualeon"" медлен.стаб.хлор компл.действия таб (200г) ведро 5кг";16.05.2022 10:13:05;2.000;4,797.00
"Дезинфицирующее средство ""Aqualeon"" жидкое 30л с дыш.кр";16.05.2022 10:13:05;10.000;1,677.00
"Скиммер навеcной ""Intex""";16.05.2022 10:42:11;1.000;2,100.00
"Регулятор PH-минус ""Aqualeon"" гранулы (ведро 1кг)";16.05.2022 10:42:11;4.000;738.42
"Альгицид пролонгированного действия непенящийся ""Aqualeon"" 5кг";16.05.2022 10:42:11;1.000;1,558.00
"Альгицид пролонгированного действия непенящийся ""Aqualeon"" 1кг";16.05.2022 10:42:11;1.000;439.00
"Дез. ср-во ""Aqualeon"" быстрый хлор гранулы (ведро 5кг)";16.05.2022 10:42:11;1.000;6,206.00
"Дез. ср-во ""Aqualeon"", медленный стаб. хлор. в таб.(200гр) ведро 5кг";16.05.2022 10:42:11;1.000;5,798.00
"Дез. ср-во ""Aqualeon"" медлен.стаб.хлор компл.действия таб (200г) ведро 1кг";16.05.2022 10:42:11;1.000;1,598.00
"Очиститель Ватерлинии ""Aqualeon"" СПРЕЙ (щелочной) 0,75кг";16.05.2022 10:42:11;1.000;539.00
"Чистящее средство ""БАРИОН"" (щелочное) 1 кг";16.05.2022 10:42:11;2.000;204.00
"Дез. ср-во ""Aqualeon"" быстрый стаб. хлор в таб. (20г) 0,5кг";17.05.2022 16:24:16;4.000;450.00
"БСХ гр 05 Дез. ср-во ""Aqualeon"" быстрый хлор гранулы (банка 0,5кг)";17.05.2022 16:24:16;4.000;407.00
"Альгицид пролонгированного действия непенящийся ""Aqualeon"" 30кг";17.05.2022 16:24:16;1.000;3,202.00
"Альгицид пролонгированного действия непенящийся ""Aqualeon"" 10 кг";17.05.2022 16:24:16;4.000;1,421.00
"Альгицид пролонгированного действия непенящийся ""Aqualeon"" 1кг";17.05.2022 16:24:16;32.000;258.00
"Альгицид пролонгированного действия непенящийся ""Aqualeon"" 5кг";17.05.2022 16:24:16;6.000;966.00
"Альгицид пролонгированного действия непенящийся ""Aqualeon"" 30кг";19.05.2022 9:09:44;1.000;5,164.00
Песок кварцевый (0,8-2,0 мм) 25кг в мешках;19.05.2022 12:07:54;6.000;749.00
Щетка для дна Kokido Classic K108BU с боковым ворсом;19.05.2022 12:07:54;1.000;1,187.00
"Дезинфицирующее средство ""Aqualeon"" жидкое 30л с дыш.кр";26.05.2022 10:31:15;3.000;1,677.00
Труба д.32х1.9 мм 12,5 Бар НПВХ клеевая с раструбом;27.05.2022 10:40:51;12.000;117.00
Труба д.40х1.9 мм 10 Бар НПВХ клеевая с раструбом;27.05.2022 10:40:51;6.000;183.00
Труба д.25х1.5 мм 12.5 Бар НПВХ клеевая с раструбом;27.05.2022 10:40:51;30.000;81.00
"PH-минус ""Aqualeon"" жидкий 30л";01.06.2022 12:21:06;1.000;1,789.00
"PH-минус ""Aqualeon"" жидкий 12кг";01.06.2022 12:21:06;6.000;647.00
"Альгицид пролонгированного действия непенящийся ""Aqualeon"" 10 кг";01.06.2022 12:21:06;3.000;1,421.00
"Альгицид пролонгированного действия непенящийся ""Aqualeon"" 5кг";01.06.2022 12:21:06;6.000;966.00
"Регулятор PH-минус ""Aqualeon"" гранулы (ведро 1кг)";01.06.2022 12:21:06;8.000;492.00
"Альгицид пролонгированного действия непенящийся ""Aqualeon"" 10 кг";01.06.2022 12:21:06;3.000;1,421.00
"Дез. ср-во ""Aqualeon"" быстрый стаб. хлор в таб. (20г) ведро 4 кг";01.06.2022 12:21:06;5.000;2,657.00
"Дез. ср-во ""Aqualeon"" медлен.стаб.хлор компл.действия таб (200г) ведро 5кг";01.06.2022 12:21:06;15.000;3,966.00
"Альгицид пролонгированного действия непенящийся ""Aqualeon"" 1кг";01.06.2022 12:21:06;32.000;258.00
"Дез. ср-во ""Aqualeon"" медлен.стаб.хлор компл.действия таб (20г) ведро 4кг";02.06.2022 11:16:23;1.000;3,368.00
"Регулятор PH-минус ""Aqualeon"" гранулы (ведро 1кг)";02.06.2022 11:16:23;12.000;492.00
"Дез. ср-во ""Aqualeon"" быстрый стаб. хлор в таб. (20г) ведро 4 кг";02.06.2022 11:16:23;4.000;2,657.00
"Альгицид пролонгированного действия непенящийся ""Aqualeon"" 30кг";02.06.2022 11:16:23;3.000;3,202.00
"Альгицид пролонгированного действия непенящийся ""Aqualeon"" 1кг";02.06.2022 11:16:23;160.000;258.00
"Очиститель Ватерлинии ""Aqualeon"" СПРЕЙ (щелочной) 0,75кг";02.06.2022 11:16:23;3.000;279.00
"Очиститель минерального налета ""Aqualeon"" 1кг";02.06.2022 11:16:23;3.000;341.00
"Дез. ср-во ""Aqualeon"" медлен.стаб.хлор компл.действия таб (200г) ведро 5кг";02.06.2022 11:16:23;6.000;3,966.00
"PH-минус ""Aqualeon"" жидкий 30л";02.06.2022 11:16:23;4.000;1,789.00
Песок кварцевый (0,63-1,0 мм) 25кг в мешках;02.06.2022 11:40:48;10.000;270.00
Песок кварцевый (0,8-2,0 мм) 25кг в мешках;02.06.2022 11:40:48;10.000;270.00
"Дез. ср-во ""Aqualeon"" быстрый хлор гранулы (ведро 5кг)";02.06.2022 12:54:59;1.000;4,864.00
"Коагулянт ""Aqualeon"" (25г) ведро 1,5 кг";02.06.2022 12:54:59;2.000;1,594.00
"Дезинфицирующее средство ""Aqualeon"" жидкое 30л с дыш.кр";02.06.2022 12:54:59;1.000;2,396.00
"Дез. ср-во ""Aqualeon"" медлен.стаб.хлор компл.действия таб (200г) ведро 5кг";02.06.2022 12:54:59;1.000;6,396.00
"Дезинфицирующее средство ""Aqualeon"" жидкое 30л с дыш.кр";03.06.2022 11:01:46;10.000;1,677.00
"Дез. ср-во ""Aqualeon"" медлен.стаб.хлор компл.действия таб (200г) ведро 5кг";06.06.2022 13:30:43;10.000;4,157.00
"Кальций Стоп ""Aqualeon"" 1кг";06.06.2022 13:30:43;6.000;494.00
"Дез. ср-во ""Aqualeon"" быстрый стаб. хлор в таб. (20г) ведро 1,5 кг";06.06.2022 13:30:43;12.000;1,234.00
"Дез. ср-во ""Aqualeon"" медлен.стаб.хлор компл.действия таб (20г) ведро 4кг";06.06.2022 13:32:04;5.000;3,531.00
"Дез. ср-во ""Aqualeon"" медлен.стаб.хлор компл.действия таб (200г) ведро 5кг";06.06.2022 13:32:04;5.000;4,157.00
"Дез. ср-во ""Aqualeon"" быстрый стаб. хлор в таб. (20г) ведро 4 кг";06.06.2022 13:32:04;10.000;2,786.00
"Дез. ср-во ""Aqualeon"" быстрый хлор гранулы (ведро 5кг)";06.06.2022 13:32:04;2.000;3,162.00
"Дез. ср-во ""Aqualeon"" медлен.стаб.хлор компл.действия таб (200г) ведро 5кг";06.06.2022 14:09:53;40.000;3,966.00
"PH-минус ""Aqualeon"" жидкий 30л";06.06.2022 14:09:53;1.000;1,789.00
"Альгицид пролонгированного действия непенящийся ""Aqualeon"" 1кг";06.06.2022 14:09:53;320.000;258.00
"Дез. ср-во ""Aqualeon"" быстрый стаб. хлор в таб. (20г) ведро 4 кг";06.06.2022 14:09:53;30.000;2,657.00
Песок кварцевый (0,8-2,0 мм) 25кг в мешках;06.06.2022 14:09:53;10.000;270.00
"Регулятор PH-минус ""Aqualeon"" гранулы (ведро 1кг)";06.06.2022 14:09:53;12.000;492.00
"Коагулянт ""Aqualeon"" жидкий 1л";06.06.2022 14:09:53;16.000;155.00
"Альгицид пролонгированного действия непенящийся ""Aqualeon"" 5кг";09.06.2022 0:00:00;8.000;966.00
"Альгицид пролонгированного действия непенящийся ""Aqualeon"" 10 кг";09.06.2022 0:00:00;10.000;1,421.00
"Дез. ср-во ""Aqualeon"" медлен.стаб.хлор компл.действия таб (20г) ведро 4кг";09.06.2022 0:00:00;10.000;3,368.00
"БСХ Дез. ср-во ""Aqualeon"" быстрый хлор гранулы (ведро 1кг)";09.06.2022 0:00:00;18.000;639.00
"Регулятор PH-минус ""Aqualeon"" гранулы (ведро 4кг)";09.06.2022 0:00:00;4.000;1,312.00
"PH-минус ""Aqualeon"" жидкий 12кг";09.06.2022 0:00:00;4.000;647.00
"Дез. ср-во ""Aqualeon"" медлен.стаб.хлор компл.действия таб (200г) ведро 5кг";09.06.2022 0:00:00;6.000;3,966.00
"Альгицид пролонгированного действия непенящийся ""Aqualeon"" 1кг";09.06.2022 0:00:00;10.000;258.00
"Альгицид пролонгированного действия непенящийся ""Aqualeon"" 1кг";09.06.2022 21:09:12;160.000;258.00
Песок кварцевый (0,63-1,0 мм) 25кг в мешках;10.06.2022 0:00:00;3.000;350.00
"Дез. ср-во ""Aqualeon"" быстрый стаб. хлор в таб. (20г) ведро 1,5 кг";10.06.2022 12:56:51;2.000;1,234.00
"Коагулянт ""Aqualeon"" жидкий 1л";10.06.2022 12:56:51;3.000;195.00
"Коагулянт ""Aqualeon"" (25г) ведро 1,5 кг";10.06.2022 12:56:51;5.000;1,036.00
"Альгицид пролонгированного действия непенящийся ""Aqualeon"" 1кг";10.06.2022 12:56:51;16.000;285.00
"Альгицид пролонгированного действия непенящийся ""Aqualeon"" 5кг";10.06.2022 12:56:51;2.000;1,013.00
"Дез. ср-во ""Aqualeon"" медлен.стаб.хлор компл.действия таб (20г) ведро 1,5кг";10.06.2022 12:56:51;2.000;1,394.00
"Дез. ср-во ""Aqualeon"" медлен.стаб.хлор компл.действия таб (200г) ведро 1кг";10.06.2022 12:56:51;2.000;930.00
"""O2 ACTIVE"", средство для дезинфекции воды, 5л";10.06.2022 12:56:51;10.000;1,500.00
Песок кварцевый (0,8-2,0 мм) 25кг в мешках;10.06.2022 12:56:51;2.000;300.00
"Регулятор PH-минус ""Aqualeon"" гранулы (ведро 1кг)";10.06.2022 12:56:51;3.000;403.00
"""O2 ACTIVE"", средство для дезинфекции воды, 10л";10.06.2022 13:23:23;2.000;3,000.00
"Дез. ср-во ""Aqualeon"" медлен.стаб.хлор компл.действия таб (200г) ведро 5кг";10.06.2022 13:23:23;4.000;6,396.00
"Дезинфицирующее средство ""Aqualeon"" жидкое 30л с дыш.кр";10.06.2022 13:23:23;6.000;2,396.00
Таблетки DPD 1 (Р) блистер;10.06.2022 13:23:23;4.000;150.00
"PH-минус ""Aqualeon"" жидкий 30л";10.06.2022 17:53:11;5.000;1,789.00
"БСХ Дез. ср-во ""Aqualeon"" быстрый хлор гранулы (ведро 1кг)";10.06.2022 17:53:11;12.000;670.00
"Регулятор PH-минус ""Aqualeon"" гранулы (ведро 4кг)";10.06.2022 17:53:11;1.000;1,375.00
"Дез. ср-во ""Aqualeon"" медлен.стаб.хлор компл.действия таб (200г) ведро 1кг";10.06.2022 17:53:11;12.000;930.00
"Регулятор РН-плюс ""Aqualeon"" гранулы (ведро 1кг)";10.06.2022 17:53:11;2.000;253.00
"Дез. ср-во ""Aqualeon"" быстрый стаб. хлор в таб. (20г) ведро 1,5 кг";10.06.2022 17:53:11;8.000;1,234.00
"Дез. ср-во ""Aqualeon"" медлен.стаб.хлор компл.действия таб (200г) ведро 5кг";13.06.2022 13:09:43;16.000;3,966.00
"Дез. ср-во ""Aqualeon"" быстрый стаб. хлор в таб. (20г) ведро 1,5 кг";13.06.2022 13:09:43;6.000;1,177.00
"Очиститель Ватерлинии ""Aqualeon"" СПРЕЙ (щелочной) 0,75кг";13.06.2022 13:09:43;2.000;279.00
"Дез. ср-во ""Aqualeon"" быстрый стаб. хлор в таб. (20г) ведро 4 кг";13.06.2022 13:09:43;2.000;2,657.00
Песок кварцевый (0,8-2,0 мм) 25кг в мешках;13.06.2022 13:09:43;10.000;270.00
"Дез. ср-во ""Aqualeon"" медлен.стаб.хлор компл.действия таб (20г) ведро 4кг";13.06.2022 16:01:49;2.000;3,368.00
"Альгицид пролонгированного действия непенящийся ""Aqualeon"" 1кг";13.06.2022 16:01:49;240.000;258.00
"БСХ Дез. ср-во ""Aqualeon"" быстрый хлор гранулы (ведро 1кг)";13.06.2022 16:01:49;6.000;639.00
"Коагулянт ""Aqualeon"" (25г) ведро 1,5 кг";13.06.2022 16:01:49;2.000;988.00
"Коагулянт ""Aqualeon"" (25г) ведро 4 кг";13.06.2022 16:01:49;1.000;2,420.00
"Дез. ср-во ""Aqualeon"" медлен.стаб.хлор компл.действия таб (200г) ведро 5кг";13.06.2022 16:01:49;8.000;3,966.00
"Регулятор PH-минус ""Aqualeon"" гранулы (ведро 1кг)";13.06.2022 16:01:49;6.000;492.00
"Альгицид пролонгированного действия непенящийся ""Aqualeon"" 5кг";13.06.2022 16:01:49;15.000;966.00
"Альгицид пролонгированного действия непенящийся ""Aqualeon"" 10 кг";14.06.2022 11:54:53;3.000;1,490.00
"Дезинфицирующее средство ""Aqualeon"" жидкое 30л с дыш.кр";14.06.2022 11:54:53;3.000;1,677.00
"Дез. ср-во ""Aqualeon"" медлен.стаб.хлор компл.действия таб (200г) ведро 5кг";14.06.2022 13:07:34;10.000;4,157.00
"Дез. ср-во ""Aqualeon"" медлен.стаб.хлор компл.действия таб (20г) ведро 4кг";14.06.2022 13:07:34;6.000;3,531.00
"""O2 ACTIVE"", средство для дезинфекции воды, 10л";16.06.2022 15:50:48;3.000;3,000.00
Сачок Kokido Design-O K413BU поверхностный;16.06.2022 15:50:48;1.000;750.00
"Телескопическая алюминиевая рукоятка ""Intex"" 279 см";16.06.2022 15:50:48;1.000;1,297.00
Щетка для дна Kokido Classic K108BU с боковым ворсом;16.06.2022 15:50:48;1.000;1,199.00
Песок кварцевый (0,8-2,0 мм) 25кг в мешках;17.06.2022 10:48:52;10.000;300.00
"Дез. ср-во ""Aqualeon"" медлен.стаб.хлор компл.действия таб (200г) ведро 1кг";17.06.2022 10:51:06;12.000;930.00
"Дез. ср-во ""Aqualeon"" медлен.стаб.хлор компл.действия таб (20г) ведро 1,5кг";17.06.2022 10:51:06;6.000;1,394.00
Песок кварцевый (0,63-1,0 мм) 25кг в мешках;17.06.2022 10:51:06;20.000;300.00
"Дезинфицирующее средство ""Aqualeon"" жидкое 30л с дыш.кр";18.06.2022 10:57:07;8.000;1,677.00
"Альгицид пролонгированного действия непенящийся ""Aqualeon"" 5кг";18.06.2022 10:57:07;2.000;1,013.00
"Альгицид пролонгированного действия непенящийся ""Aqualeon"" 5кг";18.06.2022 10:59:50;5.000;1,013.00
"Дез. ср-во ""Aqualeon"" медлен.стаб.хлор компл.действия таб (200г) ведро 1кг";18.06.2022 14:39:43;6.000;887.00
"Дез. ср-во ""Aqualeon"" медлен.стаб.хлор компл.действия таб (20г) банка 0,5кг";18.06.2022 14:39:43;24.000;508.00
"Дез. ср-во ""Aqualeon"" медлен.стаб.хлор компл.действия таб (20г) ведро 4кг";18.06.2022 14:39:43;2.000;3,368.00
"Коагулянт ""Aqualeon"" (25г) ведро 1,5 кг";18.06.2022 14:39:43;4.000;988.00
"Альгицид пролонгированного действия непенящийся ""Aqualeon"" 1кг";18.06.2022 14:39:43;80.000;258.00
"Регулятор РН-плюс ""Aqualeon"" гранулы (ведро 1кг)";18.06.2022 14:39:43;4.000;205.00
"Дез. ср-во ""Aqualeon"" быстрый стаб. хлор в таб. (20г) ведро 4 кг";18.06.2022 14:39:43;9.000;2,657.00
"БСХ гр 05 Дез. ср-во ""Aqualeon"" быстрый хлор гранулы (банка 0,5кг)";18.06.2022 14:39:43;24.000;407.00
"Альгицид пролонгированного действия непенящийся ""Aqualeon"" 10 кг";18.06.2022 14:39:43;4.000;1,421.00
"Дез. ср-во ""Aqualeon"" быстрый стаб. хлор в таб. (20г) 0,5кг";18.06.2022 14:39:43;24.000;450.00
"PH-минус ""Aqualeon"" жидкий 12кг";18.06.2022 14:39:43;3.000;647.00
"Альгицид пролонгированного действия непенящийся ""Aqualeon"" 5кг";18.06.2022 14:39:43;5.000;966.00
"Дез. ср-во ""Aqualeon"" медлен.стаб.хлор компл.действия таб (200г) ведро 5кг";18.06.2022 14:39:43;5.000;3,966.00
"Дезинфицирующее средство ""Aqualeon"" жидкое 30л с дыш.кр";20.06.2022 14:10:40;2.000;1,677.00
"Регулятор PH-минус ""Aqualeon"" гранулы (ведро 1кг)";20.06.2022 14:26:07;12.000;492.00
"Кальций Стоп ""Aqualeon"" 1кг";20.06.2022 14:26:07;16.000;471.00
"Очиститель минерального налета ""Aqualeon"" 1кг";20.06.2022 14:26:07;16.000;341.00
"Альгицид пролонгированного действия непенящийся ""Aqualeon"" 1кг";20.06.2022 14:26:07;240.000;258.00
"PH-минус ""Aqualeon"" жидкий 30л";20.06.2022 14:26:07;1.000;1,789.00
Песок кварцевый (0,63-1,0 мм) 25кг в мешках;20.06.2022 14:37:02;20.000;270.00
Песок кварцевый (0,8-2,0 мм) 25кг в мешках;20.06.2022 14:37:02;10.000;270.00
Труба д.75х3.6 мм 10 Бар НПВХ клеевая с раструбом;21.06.2022 10:00:18;15.000;651.00
Угольник ПВХ 75*90 (Испания);21.06.2022 10:00:18;2.000;371.00
"""O2 ACTIVE"", средство для дезинфекции воды, 10л";23.06.2022 11:27:40;2.000;3,000.00
"Дезинфицирующее средство ""Aqualeon"" жидкое 10л с дыш.кр";24.06.2022 12:28:35;20.000;696.00
"PH-минус ""Aqualeon"" жидкий 12кг";24.06.2022 12:28:35;20.000;731.00
"Очиститель Ватерлинии ""Aqualeon"" СПРЕЙ (щелочной) 0,5кг";24.06.2022 13:32:50;24.000;240.00
"Кальций Стоп ""Aqualeon"" 1кг";24.06.2022 14:09:45;20.000;494.00
"Дез. ср-во ""Aqualeon"" быстрый стаб. хлор в таб. (20г) 0,5кг";24.06.2022 14:09:45;40.000;450.00
"БСХ гр 05 Дез. ср-во ""Aqualeon"" быстрый хлор гранулы (банка 0,5кг)";24.06.2022 14:09:45;40.000;407.00
"Дез. ср-во ""Aqualeon"" медлен.стаб.хлор компл.действия таб (20г) банка 0,5кг";24.06.2022 14:09:45;20.000;508.00
"Очиститель минерального налета ""Aqualeon"" 1кг";24.06.2022 14:09:45;20.000;341.00
"Дез. ср-во ""Aqualeon"" медлен.стаб.хлор компл.действия таб (200г) ведро 5кг";27.06.2022 13:20:35;10.000;4,157.00
"Дез. ср-во ""Aqualeon"" медлен.стаб.хлор компл.действия таб (20г) ведро 4кг";27.06.2022 13:20:35;10.000;3,531.00
"Дез. ср-во ""Aqualeon"" быстрый стаб. хлор в таб. (20г) ведро 4 кг";27.06.2022 13:20:35;10.000;2,786.00
"Коагулянт ""Aqualeon"" (25г) ведро 4 кг";27.06.2022 13:20:35;2.000;2,538.00
"Кальций Стоп ""Aqualeon"" 1кг";27.06.2022 13:20:35;3.000;494.00
"Коагулянт ""Aqualeon"" жидкий 30л";27.06.2022 13:21:22;2.000;2,063.00
"Дез. ср-во ""Aqualeon"" быстрый стаб. хлор в таб. (20г) ведро 4 кг";28.06.2022 13:48:47;30.000;2,657.00
"Регулятор PH-минус ""Aqualeon"" гранулы (ведро 1кг)";28.06.2022 13:48:47;12.000;492.00
"Дез. ср-во ""Aqualeon"" быстрый хлор гранулы (ведро 5кг)";04.07.2022 10:49:14;1.000;3,648.00
"Дез. ср-во ""Aqualeon"" медлен.стаб.хлор компл.действия таб (200г) ведро 5кг";04.07.2022 10:49:14;1.000;4,797.00
"Дезинфицирующее средство ""Aqualeon"" жидкое 30л с дыш.кр";04.07.2022 10:49:14;10.000;1,677.00
"Дезинфицирующее средство ""Aqualeon"" жидкое 30л с дыш.кр";05.07.2022 15:22:00;1.000;1,677.00
"Регулятор PH-минус ""Aqualeon"" гранулы (ведро 1кг)";07.07.2022 11:37:21;12.000;492.00
"Альгицид пролонгированного действия непенящийся ""Aqualeon"" 1кг";07.07.2022 11:37:21;128.000;258.00
"Дез. ср-во ""Aqualeon"" быстрый стаб. хлор в таб. (20г) ведро 4 кг";07.07.2022 11:37:21;20.000;2,657.00
"Альгицид пролонгированного действия непенящийся ""Aqualeon"" 1кг";08.07.2022 14:30:24;32.000;285.00
"Чистая вода 4 в 1 ТМ ""Aqualeon"" 1 кг";08.07.2022 14:30:24;10.000;624.00
"Очиститель минерального налета ""Aqualeon"" 1кг";08.07.2022 14:30:24;7.000;358.00
"Кальций Стоп ""Aqualeon"" 1кг";08.07.2022 14:30:24;1.000;494.00
"Регулятор PH-минус ""Aqualeon"" гранулы (ведро 4кг)";08.07.2022 14:30:24;1.000;1,375.00
"Регулятор PH-минус ""Aqualeon"" гранулы (ведро 1кг)";08.07.2022 14:30:24;2.000;403.00
Штифт для каркасного бассейна тип 1 с резиновым уплотнителем;08.07.2022 14:32:04;25.000;45.00
Шланг D32мм синий (перемычка - 1 м);08.07.2022 14:32:04;50.000;187.00
ТЕСТЕР ECO (DPD + pH);08.07.2022 14:32:04;5.000;860.00
Таблетки DPD 1 (Р) блистер;08.07.2022 14:32:04;25.000;90.00
Таблетки pH (Р) блистер;08.07.2022 14:32:04;25.000;90.00
"PH-минус ""Aqualeon"" жидкий 12кг";08.07.2022 14:55:47;3.000;647.00
"Дез. ср-во ""Aqualeon"" медлен.стаб.хлор компл.действия таб (20г) ведро 4кг";08.07.2022 14:55:47;5.000;3,368.00
"Дез. ср-во ""Aqualeon"" медлен.стаб.хлор компл.действия таб (200г) ведро 5кг";08.07.2022 14:55:47;10.000;3,966.00
"Дез. ср-во ""Aqualeon"" быстрый стаб. хлор в таб. (20г) ведро 4 кг";08.07.2022 14:55:47;5.000;2,657.00
"Регулятор PH-минус ""Aqualeon"" гранулы (ведро 1кг)";08.07.2022 14:55:47;12.000;492.00
"Альгицид пролонгированного действия непенящийся ""Aqualeon"" 5кг";08.07.2022 14:55:47;6.000;966.00
"Регулятор РН-плюс ""Aqualeon"" гранулы (ведро 1кг)";08.07.2022 14:55:47;6.000;205.00
"Альгицид пролонгированного действия непенящийся ""Aqualeon"" 1кг";08.07.2022 14:55:47;160.000;258.00
"PH-минус ""Aqualeon"" жидкий 30л";12.07.2022 12:10:59;3.000;2,556.00
"Дезинфицирующее средство ""Aqualeon"" жидкое 30л с дыш.кр";12.07.2022 12:10:59;2.000;2,396.00
Сачок Kokido Design-O K413BU поверхностный;12.07.2022 12:10:59;1.000;750.00
"""O2 ACTIVE"", средство для дезинфекции воды, 10л";12.07.2022 12:10:59;1.000;3,000.00
"Альгицид пролонгированного действия непенящийся ""Aqualeon"" 1кг";13.07.2022 15:20:28;160.000;258.00
"Дезинфицирующее средство ""Aqualeon"" жидкое 30л с дыш.кр";13.07.2022 15:23:09;3.000;1,677.00
"PH-минус ""Aqualeon"" жидкий 30л";13.07.2022 15:23:09;2.000;1,789.00
"Альгицид пролонгированного действия непенящийся ""Aqualeon"" 30кг";13.07.2022 15:30:40;2.000;3,202.00
"PH-минус ""Aqualeon"" жидкий 30л";13.07.2022 15:30:40;2.000;1,789.00
"Дез. ср-во ""Aqualeon"", медленный стаб. хлор. в таб.(200гр) ведро 5кг";13.07.2022 15:30:40;3.000;3,782.00
"Дезинфицирующее средство ""Aqualeon"" жидкое 30л с дыш.кр";14.07.2022 11:25:18;10.000;1,677.00
"Дез. ср-во ""Aqualeon"" быстрый стаб. хлор в таб. (20г) ведро 4 кг";15.07.2022 14:49:04;10.000;2,786.00
"Дез. ср-во ""Aqualeon"" медлен.стаб.хлор компл.действия таб (20г) ведро 4кг";15.07.2022 14:49:04;5.000;3,531.00
"Коагулянт ""Aqualeon"" (25г) ведро 4 кг";15.07.2022 14:49:04;2.000;2,538.00
"PH-минус ""Aqualeon"" жидкий 12кг";15.07.2022 14:49:04;12.000;812.00
"Альгицид пролонгированного действия непенящийся ""Aqualeon"" 1кг";15.07.2022 14:49:04;64.000;285.00
"Дезинфицирующее средство ""Aqualeon"" жидкое 30л с дыш.кр";15.07.2022 14:49:04;12.000;1,677.00
"Дез. ср-во ""Aqualeon"" медлен.стаб.хлор компл.действия таб (200г) ведро 5кг";15.07.2022 14:49:04;5.000;4,157.00
"Коагулянт ""Aqualeon"" жидкий 1л";15.07.2022 14:49:04;16.000;195.00
"Кальций Стоп ""Aqualeon"" 1кг";15.07.2022 14:49:04;6.000;494.00
Шланг D40мм синий (перемычка - 1 м);15.07.2022 16:50:03;4.000;340.00
"Скиммер навеcной ""Intex""";15.07.2022 16:50:03;1.000;2,100.00
Песок кварцевый (0,8-2,0 мм) 25кг в мешках;15.07.2022 16:50:03;1.000;749.00
"Песочный фильтр-насос ""Krystal Clear"" Intex, 6 м3/ч";15.07.2022 16:50:03;1.000;21,500.00
Хомут металлический для крепления шланга;15.07.2022 16:50:03;1.000;197.00
"Переходник ""Intex"" форсунка 32мм - шланг 38мм";15.07.2022 16:50:03;1.000;680.00
"Дезинфицирующее средство ""Aqualeon"" жидкое 30л с дыш.кр";19.07.2022 11:20:25;4.000;1,677.00
"Дезинфицирующее средство ""Aqualeon"" жидкое 30л с дыш.кр";19.07.2022 11:21:22;5.000;1,677.00
"Дез. ср-во ""Aqualeon"" медлен.стаб.хлор компл.действия таб (200г) ведро 5кг";19.07.2022 11:24:10;4.000;3,966.00
"Дез. ср-во ""Aqualeon"" быстрый стаб. хлор в таб. (20г) ведро 4 кг";19.07.2022 11:24:10;10.000;2,657.00
"Регулятор PH-минус ""Aqualeon"" гранулы (ведро 1кг)";19.07.2022 11:24:10;12.000;492.00
"PH-минус ""Aqualeon"" жидкий 12кг";19.07.2022 11:24:10;1.000;775.00
"Альгицид пролонгированного действия непенящийся ""Aqualeon"" 1кг";19.07.2022 11:24:10;48.000;258.00
"Кальций Стоп ""Aqualeon"" 1кг";19.07.2022 11:24:10;12.000;471.00
"Дез. ср-во ""Aqualeon"" медлен.стаб.хлор компл.действия таб (200г) блистер 1 табл. Сундучок";19.07.2022 11:38:39;108.000;249.00
"Коагулянт ""Aqualeon"" жидкий 1л";21.07.2022 16:15:31;16.000;195.00
"БСХ Дез. ср-во ""Aqualeon"" быстрый хлор гранулы (ведро 1кг)";22.07.2022 11:06:21;12.000;670.00
"Альгицид непенящийся ""Aqualeon"" 1кг";22.07.2022 11:06:21;10.000;231.00
"Альгицид пролонгированного действия непенящийся ""Aqualeon"" 5кг";22.07.2022 11:06:21;3.000;1,013.00
"Коагулянт ""Aqualeon"" (25г) ведро 1,5 кг";22.07.2022 11:06:21;3.000;1,036.00
"Регулятор РН-плюс ""Aqualeon"" гранулы (ведро 1кг)";22.07.2022 11:06:21;2.000;253.00
"Дез. ср-во ""Aqualeon"" медлен.стаб.хлор компл.действия таб (200г) ведро 1кг";22.07.2022 11:06:21;12.000;930.00
"Коагулянт ""Aqualeon"" жидкий 1л";22.07.2022 11:06:21;2.000;195.00
"Альгицид пролонгированного действия непенящийся ""Aqualeon"" 1кг";22.07.2022 12:41:19;64.000;285.00
"Кальций Стоп ""Aqualeon"" 1кг";22.07.2022 12:41:19;3.000;494.00
"Коагулянт ""Aqualeon"" жидкий 1л";22.07.2022 12:41:19;16.000;195.00
"PH-минус ""Aqualeon"" жидкий 12кг";22.07.2022 12:41:19;15.000;812.00
"Дезинфицирующее средство ""Aqualeon"" жидкое 10л с дыш.кр";22.07.2022 12:41:19;6.000;747.00
"Коагулянт ""Aqualeon"" (25г) ведро 4 кг";22.07.2022 12:41:19;1.000;2,538.00
"""O2 ACTIVE"", средство для дезинфекции воды, 10л";22.07.2022 13:11:20;10.000;2,400.00
"Альгицид пролонгированного действия непенящийся ""Aqualeon"" 1кг";22.07.2022 13:11:20;48.000;285.00
"Дезинфицирующее средство ""Aqualeon"" жидкое 10л с дыш.кр";22.07.2022 13:11:20;5.000;747.00
"PH-минус ""Aqualeon"" жидкий 12кг";22.07.2022 13:11:20;20.000;812.00
"""O2 ACTIVE"", средство для дезинфекции воды, 5л";22.07.2022 13:11:20;2.000;1,440.00
"Альгицид пролонгированного действия непенящийся ""Aqualeon"" 1кг";22.07.2022 16:08:06;2.000;450.00
"Дез. ср-во ""Aqualeon"" медлен.стаб.хлор компл.действия таб (20г) ведро 1,5кг";22.07.2022 16:08:06;1.000;2,144.00
"Коагулянт ""Aqualeon"" жидкий 1л";22.07.2022 16:08:06;2.000;300.00
Таблетки DPD 1 (Р) блистер;22.07.2022 16:08:06;5.000;150.00
Таблетки pH (Р) блистер;22.07.2022 16:08:06;5.000;150.00
"Дез. ср-во ""Aqualeon"" быстрый стаб. хлор в таб. (20г) ведро 1,5 кг";22.07.2022 16:08:06;1.000;1,896.00
"Альгицид пролонгированного действия непенящийся ""Aqualeon"" 1кг";23.07.2022 12:05:18;16.000;285.00
"Дез. ср-во ""Aqualeon"" медлен.стаб.хлор компл.действия таб (200г) ведро 5кг";23.07.2022 12:05:18;4.000;4,157.00
"Дез. ср-во ""Aqualeon"" медлен.стаб.хлор компл.действия таб (20г) ведро 4кг";25.07.2022 15:03:53;2.000;3,368.00
"Дез. ср-во ""Aqualeon"" медлен.стаб.хлор компл.действия таб (200г) ведро 5кг";25.07.2022 15:03:53;8.000;3,966.00
"Коагулянт ""Aqualeon"" (25г) ведро 4 кг";25.07.2022 15:03:53;1.000;2,420.00
"PH-минус ""Aqualeon"" жидкий 12кг";25.07.2022 15:03:53;3.000;775.00
"Дез. ср-во ""Aqualeon"" медлен.стаб.хлор компл.действия таб (20г) ведро 1,5кг";25.07.2022 15:03:53;5.000;1,329.00
"Альгицид пролонгированного действия непенящийся ""Aqualeon"" 10 кг";25.07.2022 15:03:53;3.000;1,421.00
Песок кварцевый (0,63-1,0 мм) 25кг в мешках;25.07.2022 15:03:53;10.000;270.00
"Дез. ср-во ""Aqualeon"" быстрый стаб. хлор в таб. (20г) ведро 4 кг";25.07.2022 15:03:53;3.000;2,657.00
"Дез. ср-во ""Aqualeon"" быстрый стаб. хлор в таб. (20г) ведро 1,5 кг";25.07.2022 15:03:53;5.000;1,177.00
"Регулятор РН-плюс ""Aqualeon"" гранулы (ведро 1кг)";25.07.2022 15:03:53;6.000;205.00
"Дезинфицирующее средство ""Aqualeon"" жидкое 10л с дыш.кр";25.07.2022 15:03:53;2.000;713.00
"Альгицид пролонгированного действия непенящийся ""Aqualeon"" 5кг";25.07.2022 15:03:53;5.000;966.00
"Регулятор PH-минус ""Aqualeon"" гранулы (ведро 4кг)";26.07.2022 10:55:48;2.000;2,116.00
"Дезинфицирующее средство ""Aqualeon"" жидкое 30л с дыш.кр";26.07.2022 10:55:48;1.000;2,400.00
"Альгицид пролонгированного действия непенящийся ""Aqualeon"" 1кг";26.07.2022 12:52:09;80.000;258.00
"Регулятор PH-минус ""Aqualeon"" гранулы (ведро 1кг)";26.07.2022 12:52:09;6.000;492.00
"Дезинфицирующее средство ""Aqualeon"" жидкое 30л с дыш.кр";01.08.2022 11:07:35;3.000;1,680.00
"Альгицид пролонгированного действия непенящийся ""Aqualeon"" 1кг";01.08.2022 14:46:42;96.000;258.00
"Дез. ср-во ""Aqualeon"" быстрый стаб. хлор в таб. (20г) ведро 4 кг";01.08.2022 14:46:42;20.000;2,657.00
"Дез. ср-во ""Aqualeon"" медлен.стаб.хлор компл.действия таб (200г) ведро 5кг";01.08.2022 14:46:42;8.000;3,966.00
"БСХ гр 05 Дез. ср-во ""Aqualeon"" быстрый хлор гранулы (банка 0,5кг)";04.08.2022 13:41:15;12.000;407.00
"Альгицид пролонгированного действия непенящийся ""Aqualeon"" 10 кг";04.08.2022 13:41:15;6.000;1,421.00
"Альгицид пролонгированного действия непенящийся ""Aqualeon"" 5кг";04.08.2022 13:41:15;7.000;966.00
"Дез. ср-во ""Aqualeon"" медлен.стаб.хлор компл.действия таб (200г) ведро 5кг";04.08.2022 13:41:15;7.000;3,966.00
"Дез. ср-во ""Aqualeon"" быстрый хлор гранулы (ведро 5кг)";04.08.2022 13:41:15;1.000;3,016.00
"Дез. ср-во ""Aqualeon"" быстрый стаб. хлор в таб. (20г) ведро 4 кг";04.08.2022 13:41:15;4.000;2,657.00
"Альгицид пролонгированного действия непенящийся ""Aqualeon"" 30кг";05.08.2022 13:58:40;1.000;3,357.00
Песок кварцевый (0,63-1,0 мм) 25кг в мешках;09.08.2022 9:51:14;13.000;600.00
Таблетки DPD 1 (Р) блистер;09.08.2022 9:51:14;10.000;105.00
Таблетки pH (Р) блистер;09.08.2022 9:51:14;10.000;105.00
"PH-минус ""Aqualeon"" жидкий 30л";09.08.2022 9:51:14;1.000;2,340.00
"Альгицид пролонгированного действия непенящийся ""Aqualeon"" 1кг";09.08.2022 11:28:54;96.000;258.00
"Дез. ср-во ""Aqualeon"" медлен.стаб.хлор компл.действия таб (200г) ведро 5кг";09.08.2022 11:28:54;10.000;3,966.00
"PH-минус ""Aqualeon"" жидкий 12кг";11.08.2022 12:45:56;2.000;775.00
"Альгицид пролонгированного действия непенящийся ""Aqualeon"" 1кг";11.08.2022 12:45:56;32.000;258.00
"Дез. ср-во ""Aqualeon"" медлен.стаб.хлор компл.действия таб (20г) ведро 4кг";11.08.2022 12:45:56;2.000;3,368.00
"Дез. ср-во ""Aqualeon"" быстрый стаб. хлор в таб. (20г) ведро 4 кг";11.08.2022 12:45:56;2.000;2,657.00
"БСХ Дез. ср-во ""Aqualeon"" быстрый хлор гранулы (ведро 1кг)";11.08.2022 12:45:56;8.000;639.00
"Дез. ср-во ""Aqualeon"" медлен.стаб.хлор компл.действия таб (200г) ведро 5кг";11.08.2022 12:45:56;5.000;3,966.00
"Регулятор PH-минус ""Aqualeon"" гранулы (ведро 1кг)";11.08.2022 12:45:56;6.000;492.00
"Регулятор РН-плюс ""Aqualeon"" гранулы (ведро 1кг)";11.08.2022 12:45:56;2.000;205.00
"Дез. ср-во ""Aqualeon"" медлен.стаб.хлор компл.действия таб (20г) банка 0,5кг";11.08.2022 12:45:56;12.000;508.00
"Дез. ср-во ""Aqualeon"" быстрый стаб. хлор в таб. (20г) 0,5кг";11.08.2022 12:45:56;12.000;450.00
Песок кварцевый (0,8-2,0 мм) 25кг в мешках;12.08.2022 11:26:09;10.000;300.00
"Дезинфицирующее средство ""Aqualeon"" жидкое 30л с дыш.кр";12.08.2022 14:59:17;8.000;1,680.00
"PH-минус ""Aqualeon"" жидкий 30л";12.08.2022 14:59:17;4.000;1,820.00
"Коагулянт ""Aqualeon"" (25г) ведро 1,5 кг";12.08.2022 16:45:36;2.000;1,036.00
"БСХ Дез. ср-во ""Aqualeon"" быстрый хлор гранулы (ведро 1кг)";12.08.2022 16:45:36;12.000;670.00
"Дез. ср-во ""Aqualeon"" медлен.стаб.хлор компл.действия таб (200г) ведро 1кг";12.08.2022 16:45:36;12.000;930.00
"Альгицид непенящийся ""Aqualeon"" 1кг";12.08.2022 16:45:36;22.000;231.00
Песок кварцевый (0,8-2,0 мм) 25кг в мешках;12.08.2022 16:45:36;4.000;300.00
"Дез. ср-во ""Aqualeon"" быстрый стаб. хлор в таб. (20г) ведро 4 кг";12.08.2022 16:45:36;1.000;2,786.00
"Очиститель Ватерлинии ""Aqualeon"" СПРЕЙ (щелочной) 0,75кг";12.08.2022 16:45:36;3.000;293.00
"Кальций Стоп ""Aqualeon"" 1кг";12.08.2022 16:45:36;1.000;494.00
"Коагулянт ""Aqualeon"" жидкий 1л";12.08.2022 16:45:36;6.000;195.00
"Альгицид пролонгированного действия непенящийся ""Aqualeon"" 10 кг";12.08.2022 16:45:36;3.000;1,490.00
"Альгицид пролонгированного действия непенящийся ""Aqualeon"" 5кг";12.08.2022 16:45:36;5.000;1,013.00
"Коагулянт ""Aqualeon"" жидкий 1л";15.08.2022 11:47:51;32.000;195.00
"Альгицид пролонгированного действия непенящийся ""Aqualeon"" 1кг";15.08.2022 11:47:51;32.000;292.50
"Альгицид пролонгированного действия непенящийся ""Aqualeon"" 1кг";16.08.2022 11:30:55;64.000;258.00
"Очиститель Ватерлинии ""Aqualeon"" СПРЕЙ (щелочной) 0,75кг";16.08.2022 11:30:55;3.000;279.00
"Дез. ср-во ""Aqualeon"" медлен.стаб.хлор компл.действия таб (200г) ведро 5кг";16.08.2022 11:30:55;6.000;3,966.00
Песок кварцевый (0,63-1,0 мм) 25кг в мешках;19.08.2022 11:10:09;12.000;300.00
Песок кварцевый (0,8-2,0 мм) 25кг в мешках;19.08.2022 11:10:09;13.000;300.00
"PH-минус ""Aqualeon"" жидкий 30л";22.08.2022 12:15:14;1.000;1,789.00
"Дезинфицирующее средство ""Aqualeon"" жидкое 30л с дыш.кр";22.08.2022 12:15:14;4.000;1,677.00
"Дез. ср-во ""Aqualeon"" быстрый стаб. хлор в таб. (20г) ведро 4 кг";22.08.2022 12:41:37;2.000;2,657.00
"Альгицид пролонгированного действия непенящийся ""Aqualeon"" 1кг";22.08.2022 12:41:37;48.000;258.00
"Дез. ср-во ""Aqualeon"" медлен.стаб.хлор компл.действия таб (200г) ведро 5кг";22.08.2022 12:41:37;6.000;3,966.00
"PH-минус ""Aqualeon"" жидкий 30л";24.08.2022 11:11:39;1.000;2,600.00
"Дезинфицирующее средство ""Aqualeon"" жидкое 30л с дыш.кр";24.08.2022 11:11:39;5.000;2,400.00
"Дезинфицирующее средство ""Aqualeon"" жидкое 30л с дыш.кр";24.08.2022 12:52:19;10.000;1,680.00
"Альгицид пролонгированного действия непенящийся ""Aqualeon"" 10 кг";25.08.2022 13:25:42;2.000;1,495.00
"PH-минус ""Aqualeon"" жидкий 30л";25.08.2022 13:25:42;3.000;1,789.00
"Дезинфицирующее средство ""Aqualeon"" жидкое 30л с дыш.кр";25.08.2022 13:25:42;5.000;1,677.00
"Дез. ср-во ""Aqualeon"" быстрый стаб. хлор в таб. (20г) ведро 1,5 кг";26.08.2022 9:02:47;2.000;1,234.00
"Дез. ср-во ""Aqualeon"" медлен.стаб.хлор компл.действия таб (20г) банка 0,5кг";26.08.2022 9:02:47;6.000;533.00
"Дез. ср-во ""Aqualeon"" медлен.стаб.хлор компл.действия таб (20г) ведро 4кг";26.08.2022 9:02:47;1.000;3,531.00
"Дез. ср-во ""Aqualeon"" медлен.стаб.хлор компл.действия таб (20г) ведро 1,5кг";26.08.2022 9:02:47;6.000;1,394.00
"Дез. ср-во ""Aqualeon"" медлен.стаб.хлор компл.действия таб (200г) ведро 1кг";26.08.2022 9:02:47;3.000;930.00
"Дезинфицирующее средство ""Aqualeon"" жидкое 30л с дыш.кр";03.09.2022 15:54:49;8.000;1,677.00
"Коагулянт ""Aqualeon"" жидкий 30л";05.09.2022 14:00:21;1.000;2,221.80
"Дезинфицирующее средство ""Aqualeon"" жидкое 30л с дыш.кр";05.09.2022 14:00:21;10.000;1,680.00
"Альгицид пролонгированного действия непенящийся ""Aqualeon"" 5кг";07.09.2022 13:05:34;1.000;1,600.00
Таблетки pH (Р) блистер;07.09.2022 13:05:34;10.000;150.00
Таблетки DPD 1 (Р) блистер;07.09.2022 13:05:34;10.000;150.00
"Дез. ср-во ""Aqualeon"" медлен.стаб.хлор компл.действия таб (20г) ведро 1,5кг";07.09.2022 13:05:34;1.000;2,150.00
"Дез. ср-во ""Aqualeon"" быстрый стаб. хлор в таб. (20г) ведро 4 кг";07.09.2022 13:05:34;1.000;4,300.00
"Дезинфицирующее средство ""Aqualeon"" жидкое 30л с дыш.кр";13.09.2022 12:01:09;10.000;1,680.00
"PH-минус ""Aqualeon"" жидкий 30л";13.09.2022 12:01:09;3.000;1,820.00
Таблетки DPD 1 (Р) блистер;13.09.2022 12:01:09;10.000;95.00
"Дезинфицирующее средство ""Aqualeon"" жидкое 30л с дыш.кр";15.09.2022 13:27:17;10.000;1,680.00
"Дезинфицирующее средство ""Aqualeon"" жидкое 30л с дыш.кр";19.09.2022 11:14:10;5.000;1,677.00
"Дезинфицирующее средство ""Aqualeon"" жидкое 30л с дыш.кр";26.09.2022 13:21:11;6.000;1,680.00
"Альгицид пролонгированного действия непенящийся ""Aqualeon"" 10 кг";26.09.2022 13:21:11;2.000;1,421.00
"PH-минус ""Aqualeon"" жидкий 30л";26.09.2022 13:21:11;3.000;1,820.00
"Дез. ср-во ""Aqualeon"" быстрый хлор гранулы (ведро 5кг)";28.09.2022 12:11:19;2.000;4,900.00
"Дезинфицирующее средство ""Aqualeon"" жидкое 30л с дыш.кр";28.09.2022 14:01:08;2.000;1,680.00
"Дезинфицирующее средство ""Aqualeon"" жидкое 30л с дыш.кр";10.10.2022 12:27:36;24.000;1,680.00
"Коагулянт ""Aqualeon"" жидкий 30л";10.10.2022 12:27:36;2.000;2,221.80
ПУЛТЕСТЕР ХЛОР/pH;10.10.2022 12:45:27;1.000;1,800.00
Таблетки DPD 1 (Р) блистер;10.10.2022 12:45:27;20.000;130.00
Таблетки pH (Р) блистер;10.10.2022 12:45:27;20.000;130.00
"Дезинфицирующее средство ""Aqualeon"" жидкое 30л с дыш.кр";12.10.2022 13:16:29;3.000;2,400.00
"PH-минус ""Aqualeon"" жидкий 30л";12.10.2022 13:16:29;1.000;2,600.00
"Альгицид пролонгированного действия непенящийся ""Aqualeon"" 10 кг";12.10.2022 13:16:29;3.000;2,300.00
Средство для зимней консервации, 5л;12.10.2022 13:16:29;2.000;5,800.00
"Дез. ср-во ""Aqualeon"" медлен.стаб.хлор компл.действия таб (200г) ведро 5кг";14.10.2022 11:50:46;3.000;3,966.00
"Регулятор PH-минус ""Aqualeon"" гранулы (ведро 1кг)";14.10.2022 11:50:46;6.000;492.00
"Дез. ср-во ""Aqualeon"" быстрый стаб. хлор в таб. (20г) ведро 4 кг";14.10.2022 11:50:46;3.000;2,657.00
"Ниппель ПВХ D63/50-1 1/2"" (Испания)";20.10.2022 10:59:48;16.000;180.00
"Дезинфицирующее средство ""Aqualeon"" жидкое 30л с дыш.кр";21.10.2022 10:20:24;10.000;1,680.00
"Соль таблетированная ""Универсальная"", мешок 25 кг (Беларусь)";04.11.2022 11:10:13;1.000;590.00
"Альгицид пролонгированного действия непенящийся ""Aqualeon"" 10 кг";04.11.2022 11:10:13;2.000;1,421.00
"PH-минус ""Aqualeon"" жидкий 30л";04.11.2022 11:10:13;4.000;1,820.00
"Дезинфицирующее средство ""Aqualeon"" жидкое 30л с дыш.кр";04.11.2022 11:10:13;8.000;1,680.00
"Дезинфицирующее средство ""Aqualeon"" жидкое 30л с дыш.кр";09.11.2022 12:03:29;4.000;1,680.00
Таблетки DPD 1 (Р) блистер;09.11.2022 14:00:59;50.000;130.00
Таблетки pH (Р) блистер;09.11.2022 14:00:59;50.000;130.00
"Дез. ср-во ""Aqualeon"" медлен.стаб.хлор компл.действия таб (200г) ведро 5кг";22.11.2022 12:19:45;1.000;4,600.00
Дозатор Kokido K619BU/оранжевый 2в1 (с термометром);22.11.2022 12:19:45;1.000;690.00
"Дезинфицирующее средство ""Aqualeon"" жидкое 30л с дыш.кр";23.11.2022 11:50:37;15.000;1,680.00
Кольцо переходное ПВХ 40-32;25.11.2022 11:14:51;8.000;56.00
Муфта ПВХ D 32;25.11.2022 11:14:51;3.000;60.00
Муфта ПВХ D 40;25.11.2022 11:14:51;2.000;90.00
Кольцо переходное ПВХ 40-25;25.11.2022 11:14:51;4.000;56.00
"Втулка с внутренней резьбой ПВХ 32-1""";25.11.2022 11:14:51;2.000;118.00
Заглушка ПВХ 32;25.11.2022 11:14:51;3.000;58.00
"Ниппель ПВХ D32/25-3/4""";25.11.2022 11:14:51;3.000;64.00
Кольцо переходное ПВХ 32-20;25.11.2022 11:14:51;10.000;45.00
"Втулка с внутренней резьбой ПВХ 50-1 1/2""";25.11.2022 11:14:51;7.000;225.00
"Ниппель ПВХ D63/50-1 1/2"" (Испания)";25.11.2022 11:14:51;2.000;180.00
Тройник ПВХ D50x90 (Испания);25.11.2022 11:14:51;1.000;240.00
Кольцо переходное ПВХ 50-32;25.11.2022 11:14:51;2.000;72.00
Кольцо переходное ПВХ 25-20;25.11.2022 11:14:51;4.000;42.00
Кольцо переходное ПВХ 50-40;25.11.2022 11:14:51;2.000;72.00
Кольцо переходное ПВХ 32-25;25.11.2022 11:14:51;2.000;42.00
Кольцо переходное ПВХ 25-20;25.11.2022 11:14:51;2.000;42.00
Кольцо переходное ПВХ 50-25;25.11.2022 11:14:51;4.000;72.00
Кольцо переходное ПВХ 50-40;25.11.2022 11:14:51;1.000;72.00
Заглушка ПВХ 40;25.11.2022 11:14:51;2.000;91.00
Угольник ПВХ 50*90 (Испания);25.11.2022 11:14:51;4.000;140.00
"Ниппель ПВХ D40/32-1""";25.11.2022 11:14:51;2.000;100.00
Кольцо переходное ПВХ 50-20;25.11.2022 11:14:51;2.000;72.00
Труба д.40х1.9 мм 10 Бар НПВХ клеевая с раструбом;25.11.2022 11:14:51;3.000;130.00
Кран шаровый ПВХ D32 (Испания);25.11.2022 11:14:51;6.000;1,090.00
Кран шаровый ПВХ D63 (Испания);25.11.2022 11:14:51;1.000;2,300.00
Бахрома 3м уличная мерцающая IP65 d=3,3мм 80л зеленый провод белая;28.11.2022 14:01:38;2.000;1,500.00
"Дезинфицирующее средство ""Aqualeon"" жидкое 30л с дыш.кр";29.11.2022 13:27:31;5.000;1,680.00
Кольцо переходное ПВХ 110-50;29.11.2022 15:45:14;1.000;498.00
Кольцо переходное ПВХ 200-110;29.11.2022 15:45:14;2.000;3,399.00
Кольцо переходное ПВХ 40-32;29.11.2022 15:45:51;6.000;67.20
Кольцо переходное ПВХ 50-20;29.11.2022 15:45:51;2.000;86.40
"Втулка с внутренней резьбой ПВХ 32-1""";29.11.2022 15:45:51;4.000;129.80
"Ниппель ПВХ D25/20-1/2""";29.11.2022 15:45:51;1.000;63.80
"Втулка с внутренней резьбой ПВХ 63/50-2""";29.11.2022 15:45:51;8.000;449.00
"Ниппель ПВХ D50/40-1 1/4"" (Испания)";29.11.2022 15:45:51;5.000;163.00
Кольцо переходное ПВХ 63-50;29.11.2022 15:45:51;2.000;120.00
Труба д.40х1.9 мм 10 Бар НПВХ клеевая с раструбом;30.11.2022 14:53:00;24.000;250.00
Кольцо переходное ПВХ 32-20;01.12.2022 13:55:21;2.000;45.00
Угольник ПВХ 40*90;01.12.2022 13:55:21;6.000;135.00
Кольцо переходное ПВХ 32-25;01.12.2022 13:55:21;10.000;42.00
Муфта разборная ПВХ D63;01.12.2022 13:55:21;2.000;820.00
Труба д.63х3.0 мм 10 Бар НПВХ клеевая с раструбом;01.12.2022 13:55:21;3.000;378.00
Кольцо переходное ПВХ 40-32;01.12.2022 13:55:21;2.000;56.00
Песок кварцевый (0,63-1,0 мм) 25кг в мешках;02.12.2022 10:23:06;10.000;300.00
Песок кварцевый (0,8-2,0 мм) 25кг в мешках;02.12.2022 10:23:06;10.000;300.00
Тройник ПВХ D25x90 (Испания);02.12.2022 14:35:53;5.000;75.00
"Дезинфицирующее средство ""Aqualeon"" жидкое 30л с дыш.кр";05.12.2022 11:15:28;5.000;1,680.00
Клей для труб из ПВХ Tangit PVC-U, 1кг ( с кистью);08.12.2022 14:43:10;1.000;2,650.00
Обезжириватель (очиститель) Tangit, 1 л;08.12.2022 14:43:10;1.000;1,392.00
"Дезинфицирующее средство ""Aqualeon"" жидкое 30л с дыш.кр";14.12.2022 10:13:53;24.000;1,680.00
"PH-минус ""Aqualeon"" жидкий 30л";14.12.2022 10:13:53;5.000;1,820.00
"Коагулянт ""Aqualeon"" жидкий 30л";14.12.2022 10:13:53;2.000;2,222.00
Таблетки DPD 1 (Р) блистер;14.12.2022 10:13:53;50.000;130.00
Таблетки pH (Р) блистер;14.12.2022 10:13:53;50.000;130.00
"Муфта разборная ПВХ D32х1"" наружн резьба";14.12.2022 15:20:08;1.000;426.00
Труба гибкая ПВХ D32 белая;14.12.2022 15:20:08;1.000;415.00
"Дезинфицирующее средство ""Aqualeon"" жидкое 30л с дыш.кр";22.12.2022 13:33:27;12.000;1,680.00
"PH-минус ""Aqualeon"" жидкий 30л";22.12.2022 13:33:27;6.000;1,820.00
"Альгицид пролонгированного действия непенящийся ""Aqualeon"" 10 кг";22.12.2022 13:33:27;3.000;1,421.00
"Соль таблетированная ""Универсальная"", мешок 25 кг (Беларусь)";22.12.2022 13:33:27;1.000;590.00
"PH-минус ""Aqualeon"" жидкий 30л";22.12.2022 13:44:45;2.000;1,790.00
"Дезинфицирующее средство ""Aqualeon"" жидкое 30л с дыш.кр";22.12.2022 13:44:45;2.000;1,680.00
"Альгицид пролонгированного действия непенящийся ""Aqualeon"" 5кг";22.12.2022 13:44:45;1.000;1,040.00
"Дезинфицирующее средство ""Aqualeon"" жидкое 30л с дыш.кр";22.12.2022 13:47:55;5.000;1,680.00
Угольник ПВХ 25*90 (Испания);23.12.2022 0:00:00;30.000;60.00
Угольник ПВХ 20*90 (Испания);23.12.2022 0:00:00;6.000;45.00
Угольник ПВХ 20*90 (Испания);23.12.2022 11:16:06;54.000;45.00
"Дезинфицирующее средство ""Aqualeon"" жидкое 30л с дыш.кр";23.12.2022 13:13:50;9.000;1,680.00
Труба д.20х1.5 мм 16 Бар НПВХ клеевая с раструбом;23.12.2022 15:03:57;300.000;119.00
"Дезинфицирующее средство ""Aqualeon"" жидкое 30л с дыш.кр";26.12.2022 12:57:52;6.000;1,680.00
