"Дезинфицирующее средство ""Aqualeon"" жидкое 30л с дыш.кр";11.01.2022 10:54:27;4;1287
"Дезинфицирующее средство ""Aqualeon"" жидкое 30л с дыш.кр";17.01.2022 11:58:35;48;1287
"Дезинфицирующее средство ""Aqualeon"" жидкое 30л с дыш.кр";26.01.2022 13:46:34;10;1487
"Коагулянт ""Aqualeon"" (25г) ведро 4 кг";26.01.2022 13:46:34;3;2115.1
"Дез. ср-во ""Aqualeon"" быстрый стаб. хлор в таб. (20г) ведро 1,5 кг";26.01.2022 13:46:34;12;876.2
"Альгицид пролонгированного действия непенящийся ""Aqualeon"" 5кг";28.01.2022 10:49:45;1;844
"Дезинфицирующее средство ""Aqualeon"" жидкое 30л с дыш.кр";28.01.2022 10:49:45;4;1487
"PH-минус ""Aqualeon"" жидкий 30л";28.01.2022 10:49:45;1;1487
"PH-минус ""Aqualeon"" жидкий 30л";31.01.2022 10:41:23;12;1487
"Коагулянт ""Aqualeon"" (25г) ведро 1,5 кг";31.01.2022 10:41:23;9;1008
"Дезинфицирующее средство ""Aqualeon"" жидкое 30л с дыш.кр";31.01.2022 10:41:23;36;1487
"Дез. ср-во ""Aqualeon"" быстрый стаб. хлор в таб. (20г) ведро 4 кг";31.01.2022 10:41:23;3;2144
"Втулка с внутренней резьбой ПВХ 25-3/4""";03.02.2022 10:48:07;1;109
Угольник ПВХ 25*90 (Испания);03.02.2022 10:48:07;6;42
"Втулка с внутренней резьбой ПВХ 25/20-1""";03.02.2022 10:48:07;2;118
Муфта разборная ПВХ D25 (Испания);03.02.2022 10:48:07;2;211
"Ниппель ПВХ D32/25-1/2""";03.02.2022 10:48:07;1;64
Муфта ПВХ D 25;03.02.2022 10:48:07;2;45
"Ниппель ПВХ D32/25-1""";03.02.2022 10:48:07;3;64
Тройник ПВХ D25x90 (Испания);03.02.2022 10:48:07;1;56
"Дезинфицирующее средство ""Aqualeon"" жидкое 30л с дыш.кр";08.02.2022 10:00:38;5;1487
"PH-минус ""Aqualeon"" жидкий 30л";08.02.2022 10:00:38;1;1487
"Дезинфицирующее средство ""Aqualeon"" жидкое 30л с дыш.кр";09.02.2022 11:51:21;48;1487
"Дезинфицирующее средство ""Aqualeon"" жидкое 30л с дыш.кр";02.03.2022 11:04:39;5;1487
"Дезинфицирующее средство ""Aqualeon"" жидкое 30л с дыш.кр";14.03.2022 13:04:35;48;1749.08
"Дезинфицирующее средство ""Aqualeon"" жидкое 30л с дыш.кр";22.03.2022 10:46:45;2;1677.2
"PH-минус ""Aqualeon"" жидкий 30л";22.03.2022 10:46:45;2;1691.2
Угольник ПВХ 63*90 (Испания);24.03.2022 12:34:53;1;318
Труба д.63х3.0 мм 10 Бар НПВХ клеевая с раструбом;24.03.2022 12:34:53;6;362
Труба д.50х2.4 мм 10 Бар НПВХ клеевая с раструбом;24.03.2022 12:34:53;3;290
"Дез. ср-во ""Aqualeon"" быстрый стаб. хлор в таб. (20г) 0,5кг";24.03.2022 13:58:03;2;514
"Дез. ср-во ""Aqualeon"" медлен.стаб.хлор компл.действия таб (200г) ведро 5кг";24.03.2022 13:58:03;8;3609
"Дез. ср-во ""Aqualeon"" быстрый стаб. хлор в таб. (20г) ведро 4 кг";24.03.2022 13:58:03;5;2701
"Альгицид пролонгированного действия непенящийся ""Aqualeon"" 1кг";24.03.2022 13:58:03;144;285
"Очиститель минерального налета ""Aqualeon"" 1кг";24.03.2022 13:58:03;10;358
"Коагулянт ""Aqualeon"" жидкий 1л";24.03.2022 13:58:03;12;155
"БСХ Дез. ср-во ""Aqualeon"" быстрый хлор гранулы (ведро 1кг)";24.03.2022 13:58:03;12;694
"Дезинфицирующее средство ""Aqualeon"" жидкое 30л с дыш.кр";25.03.2022 11:12:37;2;2396
"PH-минус ""Aqualeon"" жидкий 30л";25.03.2022 11:12:37;1;2556
"Дезинфицирующее средство ""Aqualeon"" жидкое 30л с дыш.кр";25.03.2022 11:36:37;6;1677.2
"Дез. ср-во ""Aqualeon"" медлен.стаб.хлор компл.действия таб (200г) ведро 5кг";25.03.2022 11:45:15;10;3609
"Дез. ср-во ""Aqualeon"" медлен.стаб.хлор компл.действия таб (20г) ведро 4кг";25.03.2022 11:45:15;6;2978
"Коагулянт ""Aqualeon"" (25г) ведро 4 кг";25.03.2022 11:45:15;4;2665
"Дез. ср-во ""Aqualeon"" быстрый стаб. хлор в таб. (20г) ведро 4 кг";25.03.2022 11:45:15;10;2701
"Дезинфицирующее средство ""Aqualeon"" жидкое 30л с дыш.кр";30.03.2022 11:34:16;5;1677.2
"Дезинфицирующее средство ""Aqualeon"" жидкое 30л с дыш.кр";01.04.2022 10:15:58;1;1797
Шланг FITT EVAPOOL (стенка EVA арм. спиралью PE) для очистки бассейнов (t-10С+50С) 38mm метр;01.04.2022 10:15:58;25;412
"Дез. ср-во ""Aqualeon"" быстрый стаб. хлор в таб. (20г) ведро 4 кг";14.04.2022 12:57:09;1;5324
"Дез. ср-во ""Aqualeon"" медлен.стаб.хлор компл.действия таб (200г) ведро 3кг";14.04.2022 12:57:09;1;3768
Таблетки DPD 1 (Р) блистер;14.04.2022 12:57:09;10;150
Таблетки pH (Р) блистер;14.04.2022 12:57:09;10;150
"PH-минус ""Aqualeon"" жидкий 12кг";14.04.2022 12:57:09;1;1044
"Дезинфицирующее средство ""Aqualeon"" жидкое 30л с дыш.кр";19.04.2022 10:23:49;5;1677
"Дез. ср-во ""Aqualeon"" быстрый стаб. хлор в таб. (20г) ведро 4 кг";28.04.2022 13:08:44;6;3301
"Альгицид пролонгированного действия непенящийся ""Aqualeon"" 1кг";28.04.2022 13:08:44;80;258
"Дез. ср-во ""Aqualeon"" медлен.стаб.хлор компл.действия таб (200г) ведро 5кг";28.04.2022 13:08:44;6;3678
"PH-минус ""Aqualeon"" жидкий 30л";05.05.2022 14:09:42;2;2556
Штанга телескопическая Pool King 1,8-3,8м ;06.05.2022 13:07:29;1;2767
Наконечник FITT EVAPOOI для пылесосного шланга 38 мм;06.05.2022 13:07:29;2;227
Шланг FITT EVAPOOL (стенка EVA арм. спиралью PE) для очистки бассейнов (t-10С+50С) 38mm метр;06.05.2022 13:07:29;8;492
"Дезинфицирующее средство ""Aqualeon"" жидкое 30л с дыш.кр";12.05.2022 10:11:25;5;1677
"Дезинфицирующее средство ""Aqualeon"" жидкое 30л с дыш.кр";13.05.2022 15:44:20;10;1677
"PH-минус ""Aqualeon"" жидкий 30л";13.05.2022 15:44:20;2;1789
"Дез. ср-во ""Aqualeon"" медлен.стаб.хлор компл.действия таб (200г) ведро 5кг";16.05.2022 10:13:05;2;4797
"Дезинфицирующее средство ""Aqualeon"" жидкое 30л с дыш.кр";16.05.2022 10:13:05;10;1677
"Скиммер навеcной ""Intex""";16.05.2022 10:42:11;1;2100
"Регулятор PH-минус ""Aqualeon"" гранулы (ведро 1кг)";16.05.2022 10:42:11;4;738.42
"Альгицид пролонгированного действия непенящийся ""Aqualeon"" 5кг";16.05.2022 10:42:11;1;1558
"Альгицид пролонгированного действия непенящийся ""Aqualeon"" 1кг";16.05.2022 10:42:11;1;439
"Дез. ср-во ""Aqualeon"" быстрый хлор гранулы (ведро 5кг)";16.05.2022 10:42:11;1;6206
"Дез. ср-во ""Aqualeon"", медленный стаб. хлор. в таб.(200гр) ведро 5кг";16.05.2022 10:42:11;1;5798
"Дез. ср-во ""Aqualeon"" медлен.стаб.хлор компл.действия таб (200г) ведро 1кг";16.05.2022 10:42:11;1;1598
"Очиститель Ватерлинии ""Aqualeon"" СПРЕЙ (щелочной) 0,75кг";16.05.2022 10:42:11;1;539
"Чистящее средство ""БАРИОН"" (щелочное) 1 кг";16.05.2022 10:42:11;2;204
"Дез. ср-во ""Aqualeon"" быстрый стаб. хлор в таб. (20г) 0,5кг";17.05.2022 16:24:16;4;450
"БСХ гр 05 Дез. ср-во ""Aqualeon"" быстрый хлор гранулы (банка 0,5кг)";17.05.2022 16:24:16;4;407
"Альгицид пролонгированного действия непенящийся ""Aqualeon"" 30кг";17.05.2022 16:24:16;1;3202
"Альгицид пролонгированного действия непенящийся ""Aqualeon"" 10 кг";17.05.2022 16:24:16;4;1421
"Альгицид пролонгированного действия непенящийся ""Aqualeon"" 1кг";17.05.2022 16:24:16;32;258
"Альгицид пролонгированного действия непенящийся ""Aqualeon"" 5кг";17.05.2022 16:24:16;6;966
Песок кварцевый (0,8-2,0 мм) 25кг в мешках;19.05.2022 12:07:54;6;749
Щетка для дна Kokido Classic K108BU с боковым ворсом;19.05.2022 12:07:54;1;1187
"Дезинфицирующее средство ""Aqualeon"" жидкое 30л с дыш.кр";26.05.2022 10:31:15;3;1677
Труба д.32х1.9 мм 12,5 Бар НПВХ клеевая с раструбом;27.05.2022 10:40:51;12;117
Труба д.40х1.9 мм 10 Бар НПВХ клеевая с раструбом;27.05.2022 10:40:51;6;183
Труба д.25х1.5 мм 12.5 Бар НПВХ клеевая с раструбом;27.05.2022 10:40:51;30;81
"PH-минус ""Aqualeon"" жидкий 30л";01.06.2022 12:21:06;1;1789
"PH-минус ""Aqualeon"" жидкий 12кг";01.06.2022 12:21:06;6;647
"Альгицид пролонгированного действия непенящийся ""Aqualeon"" 10 кг";01.06.2022 12:21:06;3;1421
"Альгицид пролонгированного действия непенящийся ""Aqualeon"" 5кг";01.06.2022 12:21:06;6;966
"Регулятор PH-минус ""Aqualeon"" гранулы (ведро 1кг)";01.06.2022 12:21:06;8;492
"Альгицид пролонгированного действия непенящийся ""Aqualeon"" 10 кг";01.06.2022 12:21:06;3;1421
"Дез. ср-во ""Aqualeon"" быстрый стаб. хлор в таб. (20г) ведро 4 кг";01.06.2022 12:21:06;5;2657
"Дез. ср-во ""Aqualeon"" медлен.стаб.хлор компл.действия таб (200г) ведро 5кг";01.06.2022 12:21:06;15;3966
"Альгицид пролонгированного действия непенящийся ""Aqualeon"" 1кг";01.06.2022 12:21:06;32;258
"Дез. ср-во ""Aqualeon"" медлен.стаб.хлор компл.действия таб (20г) ведро 4кг";02.06.2022 11:16:23;1;3368
"Регулятор PH-минус ""Aqualeon"" гранулы (ведро 1кг)";02.06.2022 11:16:23;12;492
"Дез. ср-во ""Aqualeon"" быстрый стаб. хлор в таб. (20г) ведро 4 кг";02.06.2022 11:16:23;4;2657
"Альгицид пролонгированного действия непенящийся ""Aqualeon"" 30кг";02.06.2022 11:16:23;3;3202
"Альгицид пролонгированного действия непенящийся ""Aqualeon"" 1кг";02.06.2022 11:16:23;160;258
"Очиститель Ватерлинии ""Aqualeon"" СПРЕЙ (щелочной) 0,75кг";02.06.2022 11:16:23;3;279
"Очиститель минерального налета ""Aqualeon"" 1кг";02.06.2022 11:16:23;3;341
"Дез. ср-во ""Aqualeon"" медлен.стаб.хлор компл.действия таб (200г) ведро 5кг";02.06.2022 11:16:23;6;3966
"PH-минус ""Aqualeon"" жидкий 30л";02.06.2022 11:16:23;4;1789
Песок кварцевый (0,63-1,0 мм) 25кг в мешках;02.06.2022 11:40:48;10;270
Песок кварцевый (0,8-2,0 мм) 25кг в мешках;02.06.2022 11:40:48;10;270
"Дез. ср-во ""Aqualeon"" быстрый хлор гранулы (ведро 5кг)";02.06.2022 12:54:59;1;4864
"Коагулянт ""Aqualeon"" (25г) ведро 1,5 кг";02.06.2022 12:54:59;2;1594
"Дезинфицирующее средство ""Aqualeon"" жидкое 30л с дыш.кр";02.06.2022 12:54:59;1;2396
"Дез. ср-во ""Aqualeon"" медлен.стаб.хлор компл.действия таб (200г) ведро 5кг";02.06.2022 12:54:59;1;6396
"Дезинфицирующее средство ""Aqualeon"" жидкое 30л с дыш.кр";03.06.2022 11:01:46;10;1677
"Дез. ср-во ""Aqualeon"" медлен.стаб.хлор компл.действия таб (200г) ведро 5кг";06.06.2022 13:30:43;10;4157
"Кальций Стоп ""Aqualeon"" 1кг";06.06.2022 13:30:43;6;494
"Дез. ср-во ""Aqualeon"" быстрый стаб. хлор в таб. (20г) ведро 1,5 кг";06.06.2022 13:30:43;12;1234
"Дез. ср-во ""Aqualeon"" медлен.стаб.хлор компл.действия таб (20г) ведро 4кг";06.06.2022 13:32:04;5;3531
"Дез. ср-во ""Aqualeon"" медлен.стаб.хлор компл.действия таб (200г) ведро 5кг";06.06.2022 13:32:04;5;4157
"Дез. ср-во ""Aqualeon"" быстрый стаб. хлор в таб. (20г) ведро 4 кг";06.06.2022 13:32:04;10;2786
"Дез. ср-во ""Aqualeon"" быстрый хлор гранулы (ведро 5кг)";06.06.2022 13:32:04;2;3162
"Дез. ср-во ""Aqualeon"" медлен.стаб.хлор компл.действия таб (200г) ведро 5кг";06.06.2022 14:09:53;40;3966
"PH-минус ""Aqualeon"" жидкий 30л";06.06.2022 14:09:53;1;1789
"Альгицид пролонгированного действия непенящийся ""Aqualeon"" 1кг";06.06.2022 14:09:53;320;258
"Дез. ср-во ""Aqualeon"" быстрый стаб. хлор в таб. (20г) ведро 4 кг";06.06.2022 14:09:53;30;2657
Песок кварцевый (0,8-2,0 мм) 25кг в мешках;06.06.2022 14:09:53;10;270
"Регулятор PH-минус ""Aqualeon"" гранулы (ведро 1кг)";06.06.2022 14:09:53;12;492
"Коагулянт ""Aqualeon"" жидкий 1л";06.06.2022 14:09:53;16;155
"Альгицид пролонгированного действия непенящийся ""Aqualeon"" 1кг";09.06.2022 21:09:12;160;258
"Дез. ср-во ""Aqualeon"" быстрый стаб. хлор в таб. (20г) ведро 1,5 кг";10.06.2022 12:56:51;2;1234
"Коагулянт ""Aqualeon"" жидкий 1л";10.06.2022 12:56:51;3;195
"Коагулянт ""Aqualeon"" (25г) ведро 1,5 кг";10.06.2022 12:56:51;5;1036
"Альгицид пролонгированного действия непенящийся ""Aqualeon"" 1кг";10.06.2022 12:56:51;16;285
"Альгицид пролонгированного действия непенящийся ""Aqualeon"" 5кг";10.06.2022 12:56:51;2;1013
"Дез. ср-во ""Aqualeon"" медлен.стаб.хлор компл.действия таб (20г) ведро 1,5кг";10.06.2022 12:56:51;2;1394
"Дез. ср-во ""Aqualeon"" медлен.стаб.хлор компл.действия таб (200г) ведро 1кг";10.06.2022 12:56:51;2;930
"""O2 ACTIVE"", средство для дезинфекции воды, 5л";10.06.2022 12:56:51;10;1500
Песок кварцевый (0,8-2,0 мм) 25кг в мешках;10.06.2022 12:56:51;2;300
"Регулятор PH-минус ""Aqualeon"" гранулы (ведро 1кг)";10.06.2022 12:56:51;3;403
"""O2 ACTIVE"", средство для дезинфекции воды, 10л";10.06.2022 13:23:23;2;3000
"Дез. ср-во ""Aqualeon"" медлен.стаб.хлор компл.действия таб (200г) ведро 5кг";10.06.2022 13:23:23;4;6396
"Дезинфицирующее средство ""Aqualeon"" жидкое 30л с дыш.кр";10.06.2022 13:23:23;6;2396
Таблетки DPD 1 (Р) блистер;10.06.2022 13:23:23;4;150
"PH-минус ""Aqualeon"" жидкий 30л";10.06.2022 17:53:11;5;1789
"БСХ Дез. ср-во ""Aqualeon"" быстрый хлор гранулы (ведро 1кг)";10.06.2022 17:53:11;12;670
"Регулятор PH-минус ""Aqualeon"" гранулы (ведро 4кг)";10.06.2022 17:53:11;1;1375
"Дез. ср-во ""Aqualeon"" медлен.стаб.хлор компл.действия таб (200г) ведро 1кг";10.06.2022 17:53:11;12;930
"Регулятор РН-плюс ""Aqualeon"" гранулы (ведро 1кг)";10.06.2022 17:53:11;2;253
"Дез. ср-во ""Aqualeon"" быстрый стаб. хлор в таб. (20г) ведро 1,5 кг";10.06.2022 17:53:11;8;1234
"Дез. ср-во ""Aqualeon"" медлен.стаб.хлор компл.действия таб (200г) ведро 5кг";13.06.2022 13:09:43;16;3966
"Дез. ср-во ""Aqualeon"" быстрый стаб. хлор в таб. (20г) ведро 1,5 кг";13.06.2022 13:09:43;6;1177
"Очиститель Ватерлинии ""Aqualeon"" СПРЕЙ (щелочной) 0,75кг";13.06.2022 13:09:43;2;279
"Дез. ср-во ""Aqualeon"" быстрый стаб. хлор в таб. (20г) ведро 4 кг";13.06.2022 13:09:43;2;2657
Песок кварцевый (0,8-2,0 мм) 25кг в мешках;13.06.2022 13:09:43;10;270
"Дез. ср-во ""Aqualeon"" медлен.стаб.хлор компл.действия таб (20г) ведро 4кг";13.06.2022 16:01:49;2;3368
"Альгицид пролонгированного действия непенящийся ""Aqualeon"" 1кг";13.06.2022 16:01:49;240;258
"БСХ Дез. ср-во ""Aqualeon"" быстрый хлор гранулы (ведро 1кг)";13.06.2022 16:01:49;6;639
"Коагулянт ""Aqualeon"" (25г) ведро 1,5 кг";13.06.2022 16:01:49;2;988
"Коагулянт ""Aqualeon"" (25г) ведро 4 кг";13.06.2022 16:01:49;1;2420
"Дез. ср-во ""Aqualeon"" медлен.стаб.хлор компл.действия таб (200г) ведро 5кг";13.06.2022 16:01:49;8;3966
"Регулятор PH-минус ""Aqualeon"" гранулы (ведро 1кг)";13.06.2022 16:01:49;6;492
"Альгицид пролонгированного действия непенящийся ""Aqualeon"" 5кг";13.06.2022 16:01:49;15;966
"Альгицид пролонгированного действия непенящийся ""Aqualeon"" 10 кг";14.06.2022 11:54:53;3;1490
"Дезинфицирующее средство ""Aqualeon"" жидкое 30л с дыш.кр";14.06.2022 11:54:53;3;1677
"Дез. ср-во ""Aqualeon"" медлен.стаб.хлор компл.действия таб (200г) ведро 5кг";14.06.2022 13:07:34;10;4157
"Дез. ср-во ""Aqualeon"" медлен.стаб.хлор компл.действия таб (20г) ведро 4кг";14.06.2022 13:07:34;6;3531
"""O2 ACTIVE"", средство для дезинфекции воды, 10л";16.06.2022 15:50:48;3;3000
Сачок Kokido Design-O K413BU поверхностный;16.06.2022 15:50:48;1;750
"Телескопическая алюминиевая рукоятка ""Intex"" 279 см";16.06.2022 15:50:48;1;1297
Щетка для дна Kokido Classic K108BU с боковым ворсом;16.06.2022 15:50:48;1;1199
Песок кварцевый (0,8-2,0 мм) 25кг в мешках;17.06.2022 10:48:52;10;300
"Дез. ср-во ""Aqualeon"" медлен.стаб.хлор компл.действия таб (200г) ведро 1кг";17.06.2022 10:51:06;12;930
"Дез. ср-во ""Aqualeon"" медлен.стаб.хлор компл.действия таб (20г) ведро 1,5кг";17.06.2022 10:51:06;6;1394
Песок кварцевый (0,63-1,0 мм) 25кг в мешках;17.06.2022 10:51:06;20;300
"Дезинфицирующее средство ""Aqualeon"" жидкое 30л с дыш.кр";18.06.2022 10:57:07;8;1677
"Альгицид пролонгированного действия непенящийся ""Aqualeon"" 5кг";18.06.2022 10:57:07;2;1013
"Альгицид пролонгированного действия непенящийся ""Aqualeon"" 5кг";18.06.2022 10:59:50;5;1013
"Дез. ср-во ""Aqualeon"" медлен.стаб.хлор компл.действия таб (200г) ведро 1кг";18.06.2022 14:39:43;6;887
"Дез. ср-во ""Aqualeon"" медлен.стаб.хлор компл.действия таб (20г) банка 0,5кг";18.06.2022 14:39:43;24;508
"Дез. ср-во ""Aqualeon"" медлен.стаб.хлор компл.действия таб (20г) ведро 4кг";18.06.2022 14:39:43;2;3368
"Коагулянт ""Aqualeon"" (25г) ведро 1,5 кг";18.06.2022 14:39:43;4;988
"Альгицид пролонгированного действия непенящийся ""Aqualeon"" 1кг";18.06.2022 14:39:43;80;258
"Регулятор РН-плюс ""Aqualeon"" гранулы (ведро 1кг)";18.06.2022 14:39:43;4;205
"Дез. ср-во ""Aqualeon"" быстрый стаб. хлор в таб. (20г) ведро 4 кг";18.06.2022 14:39:43;9;2657
"БСХ гр 05 Дез. ср-во ""Aqualeon"" быстрый хлор гранулы (банка 0,5кг)";18.06.2022 14:39:43;24;407
"Альгицид пролонгированного действия непенящийся ""Aqualeon"" 10 кг";18.06.2022 14:39:43;4;1421
"Дез. ср-во ""Aqualeon"" быстрый стаб. хлор в таб. (20г) 0,5кг";18.06.2022 14:39:43;24;450
"PH-минус ""Aqualeon"" жидкий 12кг";18.06.2022 14:39:43;3;647
"Альгицид пролонгированного действия непенящийся ""Aqualeon"" 5кг";18.06.2022 14:39:43;5;966
"Дез. ср-во ""Aqualeon"" медлен.стаб.хлор компл.действия таб (200г) ведро 5кг";18.06.2022 14:39:43;5;3966
"Дезинфицирующее средство ""Aqualeon"" жидкое 30л с дыш.кр";20.06.2022 14:10:40;2;1677
"Регулятор PH-минус ""Aqualeon"" гранулы (ведро 1кг)";20.06.2022 14:26:07;12;492
"Кальций Стоп ""Aqualeon"" 1кг";20.06.2022 14:26:07;16;471
"Очиститель минерального налета ""Aqualeon"" 1кг";20.06.2022 14:26:07;16;341
"Альгицид пролонгированного действия непенящийся ""Aqualeon"" 1кг";20.06.2022 14:26:07;240;258
"PH-минус ""Aqualeon"" жидкий 30л";20.06.2022 14:26:07;1;1789
Песок кварцевый (0,63-1,0 мм) 25кг в мешках;20.06.2022 14:37:02;20;270
Песок кварцевый (0,8-2,0 мм) 25кг в мешках;20.06.2022 14:37:02;10;270
Труба д.75х3.6 мм 10 Бар НПВХ клеевая с раструбом;21.06.2022 10:00:18;15;651
Угольник ПВХ 75*90 (Испания);21.06.2022 10:00:18;2;371
"""O2 ACTIVE"", средство для дезинфекции воды, 10л";23.06.2022 11:27:40;2;3000
"Дезинфицирующее средство ""Aqualeon"" жидкое 10л с дыш.кр";24.06.2022 12:28:35;20;696
"PH-минус ""Aqualeon"" жидкий 12кг";24.06.2022 12:28:35;20;731
"Очиститель Ватерлинии ""Aqualeon"" СПРЕЙ (щелочной) 0,5кг";24.06.2022 13:32:50;24;240
"Кальций Стоп ""Aqualeon"" 1кг";24.06.2022 14:09:45;20;494
"Дез. ср-во ""Aqualeon"" быстрый стаб. хлор в таб. (20г) 0,5кг";24.06.2022 14:09:45;40;450
"БСХ гр 05 Дез. ср-во ""Aqualeon"" быстрый хлор гранулы (банка 0,5кг)";24.06.2022 14:09:45;40;407
"Дез. ср-во ""Aqualeon"" медлен.стаб.хлор компл.действия таб (20г) банка 0,5кг";24.06.2022 14:09:45;20;508
"Очиститель минерального налета ""Aqualeon"" 1кг";24.06.2022 14:09:45;20;341
"Дез. ср-во ""Aqualeon"" медлен.стаб.хлор компл.действия таб (200г) ведро 5кг";27.06.2022 13:20:35;10;4157
"Дез. ср-во ""Aqualeon"" медлен.стаб.хлор компл.действия таб (20г) ведро 4кг";27.06.2022 13:20:35;10;3531
"Дез. ср-во ""Aqualeon"" быстрый стаб. хлор в таб. (20г) ведро 4 кг";27.06.2022 13:20:35;10;2786
"Коагулянт ""Aqualeon"" (25г) ведро 4 кг";27.06.2022 13:20:35;2;2538
"Кальций Стоп ""Aqualeon"" 1кг";27.06.2022 13:20:35;3;494
"Коагулянт ""Aqualeon"" жидкий 30л";27.06.2022 13:21:22;2;2063
"Дез. ср-во ""Aqualeon"" быстрый стаб. хлор в таб. (20г) ведро 4 кг";28.06.2022 13:48:47;30;2657
"Регулятор PH-минус ""Aqualeon"" гранулы (ведро 1кг)";28.06.2022 13:48:47;12;492
"Дез. ср-во ""Aqualeon"" быстрый хлор гранулы (ведро 5кг)";04.07.2022 10:49:14;1;3648
"Дез. ср-во ""Aqualeon"" медлен.стаб.хлор компл.действия таб (200г) ведро 5кг";04.07.2022 10:49:14;1;4797
"Дезинфицирующее средство ""Aqualeon"" жидкое 30л с дыш.кр";04.07.2022 10:49:14;10;1677
"Дезинфицирующее средство ""Aqualeon"" жидкое 30л с дыш.кр";05.07.2022 15:22:00;1;1677
"Регулятор PH-минус ""Aqualeon"" гранулы (ведро 1кг)";07.07.2022 11:37:21;12;492
"Альгицид пролонгированного действия непенящийся ""Aqualeon"" 1кг";07.07.2022 11:37:21;128;258
"Дез. ср-во ""Aqualeon"" быстрый стаб. хлор в таб. (20г) ведро 4 кг";07.07.2022 11:37:21;20;2657
"Альгицид пролонгированного действия непенящийся ""Aqualeon"" 1кг";08.07.2022 14:30:24;32;285
"Чистая вода 4 в 1 ТМ ""Aqualeon"" 1 кг";08.07.2022 14:30:24;10;624
"Очиститель минерального налета ""Aqualeon"" 1кг";08.07.2022 14:30:24;7;358
"Кальций Стоп ""Aqualeon"" 1кг";08.07.2022 14:30:24;1;494
"Регулятор PH-минус ""Aqualeon"" гранулы (ведро 4кг)";08.07.2022 14:30:24;1;1375
"Регулятор PH-минус ""Aqualeon"" гранулы (ведро 1кг)";08.07.2022 14:30:24;2;403
Штифт для каркасного бассейна тип 1 с резиновым уплотнителем;08.07.2022 14:32:04;25;45
Шланг D32мм синий (перемычка - 1 м);08.07.2022 14:32:04;50;187
ТЕСТЕР ECO (DPD + pH);08.07.2022 14:32:04;5;860
Таблетки DPD 1 (Р) блистер;08.07.2022 14:32:04;25;90
Таблетки pH (Р) блистер;08.07.2022 14:32:04;25;90
"PH-минус ""Aqualeon"" жидкий 12кг";08.07.2022 14:55:47;3;647
"Дез. ср-во ""Aqualeon"" медлен.стаб.хлор компл.действия таб (20г) ведро 4кг";08.07.2022 14:55:47;5;3368
"Дез. ср-во ""Aqualeon"" медлен.стаб.хлор компл.действия таб (200г) ведро 5кг";08.07.2022 14:55:47;10;3966
"Дез. ср-во ""Aqualeon"" быстрый стаб. хлор в таб. (20г) ведро 4 кг";08.07.2022 14:55:47;5;2657
"Регулятор PH-минус ""Aqualeon"" гранулы (ведро 1кг)";08.07.2022 14:55:47;12;492
"Альгицид пролонгированного действия непенящийся ""Aqualeon"" 5кг";08.07.2022 14:55:47;6;966
"Регулятор РН-плюс ""Aqualeon"" гранулы (ведро 1кг)";08.07.2022 14:55:47;6;205
"Альгицид пролонгированного действия непенящийся ""Aqualeon"" 1кг";08.07.2022 14:55:47;160;258
"PH-минус ""Aqualeon"" жидкий 30л";12.07.2022 12:10:59;3;2556
"Дезинфицирующее средство ""Aqualeon"" жидкое 30л с дыш.кр";12.07.2022 12:10:59;2;2396
Сачок Kokido Design-O K413BU поверхностный;12.07.2022 12:10:59;1;750
"""O2 ACTIVE"", средство для дезинфекции воды, 10л";12.07.2022 12:10:59;1;3000
"Альгицид пролонгированного действия непенящийся ""Aqualeon"" 1кг";13.07.2022 15:20:28;160;258
"Дезинфицирующее средство ""Aqualeon"" жидкое 30л с дыш.кр";13.07.2022 15:23:09;3;1677
"PH-минус ""Aqualeon"" жидкий 30л";13.07.2022 15:23:09;2;1789
"Альгицид пролонгированного действия непенящийся ""Aqualeon"" 30кг";13.07.2022 15:30:40;2;3202
"PH-минус ""Aqualeon"" жидкий 30л";13.07.2022 15:30:40;2;1789
"Дез. ср-во ""Aqualeon"", медленный стаб. хлор. в таб.(200гр) ведро 5кг";13.07.2022 15:30:40;3;3782
"Дезинфицирующее средство ""Aqualeon"" жидкое 30л с дыш.кр";14.07.2022 11:25:18;10;1677
"Дез. ср-во ""Aqualeon"" быстрый стаб. хлор в таб. (20г) ведро 4 кг";15.07.2022 14:49:04;10;2786
"Дез. ср-во ""Aqualeon"" медлен.стаб.хлор компл.действия таб (20г) ведро 4кг";15.07.2022 14:49:04;5;3531
"Коагулянт ""Aqualeon"" (25г) ведро 4 кг";15.07.2022 14:49:04;2;2538
"PH-минус ""Aqualeon"" жидкий 12кг";15.07.2022 14:49:04;12;812
"Альгицид пролонгированного действия непенящийся ""Aqualeon"" 1кг";15.07.2022 14:49:04;64;285
"Дезинфицирующее средство ""Aqualeon"" жидкое 30л с дыш.кр";15.07.2022 14:49:04;12;1677
"Дез. ср-во ""Aqualeon"" медлен.стаб.хлор компл.действия таб (200г) ведро 5кг";15.07.2022 14:49:04;5;4157
"Коагулянт ""Aqualeon"" жидкий 1л";15.07.2022 14:49:04;16;195
"Кальций Стоп ""Aqualeon"" 1кг";15.07.2022 14:49:04;6;494
Шланг D40мм синий (перемычка - 1 м);15.07.2022 16:50:03;4;340
"Скиммер навеcной ""Intex""";15.07.2022 16:50:03;1;2100
Песок кварцевый (0,8-2,0 мм) 25кг в мешках;15.07.2022 16:50:03;1;749
"Песочный фильтр-насос ""Krystal Clear"" Intex, 6 м3/ч";15.07.2022 16:50:03;1;21500
Хомут металлический для крепления шланга;15.07.2022 16:50:03;1;197
"Переходник ""Intex"" форсунка 32мм - шланг 38мм";15.07.2022 16:50:03;1;680
"Дезинфицирующее средство ""Aqualeon"" жидкое 30л с дыш.кр";19.07.2022 11:20:25;4;1677
"Дезинфицирующее средство ""Aqualeon"" жидкое 30л с дыш.кр";19.07.2022 11:21:22;5;1677
"Дез. ср-во ""Aqualeon"" медлен.стаб.хлор компл.действия таб (200г) ведро 5кг";19.07.2022 11:24:10;4;3966
"Дез. ср-во ""Aqualeon"" быстрый стаб. хлор в таб. (20г) ведро 4 кг";19.07.2022 11:24:10;10;2657
"Регулятор PH-минус ""Aqualeon"" гранулы (ведро 1кг)";19.07.2022 11:24:10;12;492
"PH-минус ""Aqualeon"" жидкий 12кг";19.07.2022 11:24:10;1;775
"Альгицид пролонгированного действия непенящийся ""Aqualeon"" 1кг";19.07.2022 11:24:10;48;258
"Кальций Стоп ""Aqualeon"" 1кг";19.07.2022 11:24:10;12;471
"Дез. ср-во ""Aqualeon"" медлен.стаб.хлор компл.действия таб (200г) блистер 1 табл. Сундучок";19.07.2022 11:38:39;108;249
"Коагулянт ""Aqualeon"" жидкий 1л";21.07.2022 16:15:31;16;195
"БСХ Дез. ср-во ""Aqualeon"" быстрый хлор гранулы (ведро 1кг)";22.07.2022 11:06:21;12;670
"Альгицид непенящийся ""Aqualeon"" 1кг";22.07.2022 11:06:21;10;231
"Альгицид пролонгированного действия непенящийся ""Aqualeon"" 5кг";22.07.2022 11:06:21;3;1013
"Коагулянт ""Aqualeon"" (25г) ведро 1,5 кг";22.07.2022 11:06:21;3;1036
"Регулятор РН-плюс ""Aqualeon"" гранулы (ведро 1кг)";22.07.2022 11:06:21;2;253
"Дез. ср-во ""Aqualeon"" медлен.стаб.хлор компл.действия таб (200г) ведро 1кг";22.07.2022 11:06:21;12;930
"Коагулянт ""Aqualeon"" жидкий 1л";22.07.2022 11:06:21;2;195
"Альгицид пролонгированного действия непенящийся ""Aqualeon"" 1кг";22.07.2022 12:41:19;64;285
"Кальций Стоп ""Aqualeon"" 1кг";22.07.2022 12:41:19;3;494
"Коагулянт ""Aqualeon"" жидкий 1л";22.07.2022 12:41:19;16;195
"PH-минус ""Aqualeon"" жидкий 12кг";22.07.2022 12:41:19;15;812
"Дезинфицирующее средство ""Aqualeon"" жидкое 10л с дыш.кр";22.07.2022 12:41:19;6;747
"Коагулянт ""Aqualeon"" (25г) ведро 4 кг";22.07.2022 12:41:19;1;2538
"""O2 ACTIVE"", средство для дезинфекции воды, 10л";22.07.2022 13:11:20;10;2400
"Альгицид пролонгированного действия непенящийся ""Aqualeon"" 1кг";22.07.2022 13:11:20;48;285
"Дезинфицирующее средство ""Aqualeon"" жидкое 10л с дыш.кр";22.07.2022 13:11:20;5;747
"PH-минус ""Aqualeon"" жидкий 12кг";22.07.2022 13:11:20;20;812
"""O2 ACTIVE"", средство для дезинфекции воды, 5л";22.07.2022 13:11:20;2;1440
"Альгицид пролонгированного действия непенящийся ""Aqualeon"" 1кг";22.07.2022 16:08:06;2;450
"Дез. ср-во ""Aqualeon"" медлен.стаб.хлор компл.действия таб (20г) ведро 1,5кг";22.07.2022 16:08:06;1;2144
"Коагулянт ""Aqualeon"" жидкий 1л";22.07.2022 16:08:06;2;300
Таблетки DPD 1 (Р) блистер;22.07.2022 16:08:06;5;150
Таблетки pH (Р) блистер;22.07.2022 16:08:06;5;150
"Дез. ср-во ""Aqualeon"" быстрый стаб. хлор в таб. (20г) ведро 1,5 кг";22.07.2022 16:08:06;1;1896
"Альгицид пролонгированного действия непенящийся ""Aqualeon"" 1кг";23.07.2022 12:05:18;16;285
"Дез. ср-во ""Aqualeon"" медлен.стаб.хлор компл.действия таб (200г) ведро 5кг";23.07.2022 12:05:18;4;4157
"Дез. ср-во ""Aqualeon"" медлен.стаб.хлор компл.действия таб (20г) ведро 4кг";25.07.2022 15:03:53;2;3368
"Дез. ср-во ""Aqualeon"" медлен.стаб.хлор компл.действия таб (200г) ведро 5кг";25.07.2022 15:03:53;8;3966
"Коагулянт ""Aqualeon"" (25г) ведро 4 кг";25.07.2022 15:03:53;1;2420
"PH-минус ""Aqualeon"" жидкий 12кг";25.07.2022 15:03:53;3;775
"Дез. ср-во ""Aqualeon"" медлен.стаб.хлор компл.действия таб (20г) ведро 1,5кг";25.07.2022 15:03:53;5;1329
"Альгицид пролонгированного действия непенящийся ""Aqualeon"" 10 кг";25.07.2022 15:03:53;3;1421
Песок кварцевый (0,63-1,0 мм) 25кг в мешках;25.07.2022 15:03:53;10;270
"Дез. ср-во ""Aqualeon"" быстрый стаб. хлор в таб. (20г) ведро 4 кг";25.07.2022 15:03:53;3;2657
"Дез. ср-во ""Aqualeon"" быстрый стаб. хлор в таб. (20г) ведро 1,5 кг";25.07.2022 15:03:53;5;1177
"Регулятор РН-плюс ""Aqualeon"" гранулы (ведро 1кг)";25.07.2022 15:03:53;6;205
"Дезинфицирующее средство ""Aqualeon"" жидкое 10л с дыш.кр";25.07.2022 15:03:53;2;713
"Альгицид пролонгированного действия непенящийся ""Aqualeon"" 5кг";25.07.2022 15:03:53;5;966
"Регулятор PH-минус ""Aqualeon"" гранулы (ведро 4кг)";26.07.2022 10:55:48;2;2116
"Дезинфицирующее средство ""Aqualeon"" жидкое 30л с дыш.кр";26.07.2022 10:55:48;1;2400
"Альгицид пролонгированного действия непенящийся ""Aqualeon"" 1кг";26.07.2022 12:52:09;80;258
"Регулятор PH-минус ""Aqualeon"" гранулы (ведро 1кг)";26.07.2022 12:52:09;6;492
"Дезинфицирующее средство ""Aqualeon"" жидкое 30л с дыш.кр";01.08.2022 11:07:35;3;1680
"Альгицид пролонгированного действия непенящийся ""Aqualeon"" 1кг";01.08.2022 14:46:42;96;258
"Дез. ср-во ""Aqualeon"" быстрый стаб. хлор в таб. (20г) ведро 4 кг";01.08.2022 14:46:42;20;2657
"Дез. ср-во ""Aqualeon"" медлен.стаб.хлор компл.действия таб (200г) ведро 5кг";01.08.2022 14:46:42;8;3966
"БСХ гр 05 Дез. ср-во ""Aqualeon"" быстрый хлор гранулы (банка 0,5кг)";04.08.2022 13:41:15;12;407
"Альгицид пролонгированного действия непенящийся ""Aqualeon"" 10 кг";04.08.2022 13:41:15;6;1421
"Альгицид пролонгированного действия непенящийся ""Aqualeon"" 5кг";04.08.2022 13:41:15;7;966
"Дез. ср-во ""Aqualeon"" медлен.стаб.хлор компл.действия таб (200г) ведро 5кг";04.08.2022 13:41:15;7;3966
"Дез. ср-во ""Aqualeon"" быстрый хлор гранулы (ведро 5кг)";04.08.2022 13:41:15;1;3016
"Дез. ср-во ""Aqualeon"" быстрый стаб. хлор в таб. (20г) ведро 4 кг";04.08.2022 13:41:15;4;2657
"Альгицид пролонгированного действия непенящийся ""Aqualeon"" 30кг";05.08.2022 13:58:40;1;3357
"Альгицид пролонгированного действия непенящийся ""Aqualeon"" 1кг";09.08.2022 11:28:54;96;258
"Дез. ср-во ""Aqualeon"" медлен.стаб.хлор компл.действия таб (200г) ведро 5кг";09.08.2022 11:28:54;10;3966
"PH-минус ""Aqualeon"" жидкий 12кг";11.08.2022 12:45:56;2;775
"Альгицид пролонгированного действия непенящийся ""Aqualeon"" 1кг";11.08.2022 12:45:56;32;258
"Дез. ср-во ""Aqualeon"" медлен.стаб.хлор компл.действия таб (20г) ведро 4кг";11.08.2022 12:45:56;2;3368
"Дез. ср-во ""Aqualeon"" быстрый стаб. хлор в таб. (20г) ведро 4 кг";11.08.2022 12:45:56;2;2657
"БСХ Дез. ср-во ""Aqualeon"" быстрый хлор гранулы (ведро 1кг)";11.08.2022 12:45:56;8;639
"Дез. ср-во ""Aqualeon"" медлен.стаб.хлор компл.действия таб (200г) ведро 5кг";11.08.2022 12:45:56;5;3966
"Регулятор PH-минус ""Aqualeon"" гранулы (ведро 1кг)";11.08.2022 12:45:56;6;492
"Регулятор РН-плюс ""Aqualeon"" гранулы (ведро 1кг)";11.08.2022 12:45:56;2;205
"Дез. ср-во ""Aqualeon"" медлен.стаб.хлор компл.действия таб (20г) банка 0,5кг";11.08.2022 12:45:56;12;508
"Дез. ср-во ""Aqualeon"" быстрый стаб. хлор в таб. (20г) 0,5кг";11.08.2022 12:45:56;12;450
Песок кварцевый (0,8-2,0 мм) 25кг в мешках;12.08.2022 11:26:09;10;300
"Дезинфицирующее средство ""Aqualeon"" жидкое 30л с дыш.кр";12.08.2022 14:59:17;8;1680
"PH-минус ""Aqualeon"" жидкий 30л";12.08.2022 14:59:17;4;1820
"Коагулянт ""Aqualeon"" (25г) ведро 1,5 кг";12.08.2022 16:45:36;2;1036
"БСХ Дез. ср-во ""Aqualeon"" быстрый хлор гранулы (ведро 1кг)";12.08.2022 16:45:36;12;670
"Дез. ср-во ""Aqualeon"" медлен.стаб.хлор компл.действия таб (200г) ведро 1кг";12.08.2022 16:45:36;12;930
"Альгицид непенящийся ""Aqualeon"" 1кг";12.08.2022 16:45:36;22;231
Песок кварцевый (0,8-2,0 мм) 25кг в мешках;12.08.2022 16:45:36;4;300
"Дез. ср-во ""Aqualeon"" быстрый стаб. хлор в таб. (20г) ведро 4 кг";12.08.2022 16:45:36;1;2786
"Очиститель Ватерлинии ""Aqualeon"" СПРЕЙ (щелочной) 0,75кг";12.08.2022 16:45:36;3;293
"Кальций Стоп ""Aqualeon"" 1кг";12.08.2022 16:45:36;1;494
"Коагулянт ""Aqualeon"" жидкий 1л";12.08.2022 16:45:36;6;195
"Альгицид пролонгированного действия непенящийся ""Aqualeon"" 10 кг";12.08.2022 16:45:36;3;1490
"Альгицид пролонгированного действия непенящийся ""Aqualeon"" 5кг";12.08.2022 16:45:36;5;1013
"Коагулянт ""Aqualeon"" жидкий 1л";15.08.2022 11:47:51;32;195
"Альгицид пролонгированного действия непенящийся ""Aqualeon"" 1кг";15.08.2022 11:47:51;32;292.5
"Альгицид пролонгированного действия непенящийся ""Aqualeon"" 1кг";16.08.2022 11:30:55;64;258
"Очиститель Ватерлинии ""Aqualeon"" СПРЕЙ (щелочной) 0,75кг";16.08.2022 11:30:55;3;279
"Дез. ср-во ""Aqualeon"" медлен.стаб.хлор компл.действия таб (200г) ведро 5кг";16.08.2022 11:30:55;6;3966
Песок кварцевый (0,63-1,0 мм) 25кг в мешках;19.08.2022 11:10:09;12;300
Песок кварцевый (0,8-2,0 мм) 25кг в мешках;19.08.2022 11:10:09;13;300
"PH-минус ""Aqualeon"" жидкий 30л";22.08.2022 12:15:14;1;1789
"Дезинфицирующее средство ""Aqualeon"" жидкое 30л с дыш.кр";22.08.2022 12:15:14;4;1677
"Дез. ср-во ""Aqualeon"" быстрый стаб. хлор в таб. (20г) ведро 4 кг";22.08.2022 12:41:37;2;2657
"Альгицид пролонгированного действия непенящийся ""Aqualeon"" 1кг";22.08.2022 12:41:37;48;258
"Дез. ср-во ""Aqualeon"" медлен.стаб.хлор компл.действия таб (200г) ведро 5кг";22.08.2022 12:41:37;6;3966
"PH-минус ""Aqualeon"" жидкий 30л";24.08.2022 11:11:39;1;2600
"Дезинфицирующее средство ""Aqualeon"" жидкое 30л с дыш.кр";24.08.2022 11:11:39;5;2400
"Дезинфицирующее средство ""Aqualeon"" жидкое 30л с дыш.кр";24.08.2022 12:52:19;10;1680
"Альгицид пролонгированного действия непенящийся ""Aqualeon"" 10 кг";25.08.2022 13:25:42;2;1495
"PH-минус ""Aqualeon"" жидкий 30л";25.08.2022 13:25:42;3;1789
"Дезинфицирующее средство ""Aqualeon"" жидкое 30л с дыш.кр";25.08.2022 13:25:42;5;1677
"Дезинфицирующее средство ""Aqualeon"" жидкое 30л с дыш.кр";03.09.2022 15:54:49;8;1677
"Коагулянт ""Aqualeon"" жидкий 30л";05.09.2022 14:00:21;1;2221.8
"Дезинфицирующее средство ""Aqualeon"" жидкое 30л с дыш.кр";05.09.2022 14:00:21;10;1680
"Альгицид пролонгированного действия непенящийся ""Aqualeon"" 5кг";07.09.2022 13:05:34;1;1600
Таблетки pH (Р) блистер;07.09.2022 13:05:34;10;150
Таблетки DPD 1 (Р) блистер;07.09.2022 13:05:34;10;150
"Дез. ср-во ""Aqualeon"" медлен.стаб.хлор компл.действия таб (20г) ведро 1,5кг";07.09.2022 13:05:34;1;2150
"Дез. ср-во ""Aqualeon"" быстрый стаб. хлор в таб. (20г) ведро 4 кг";07.09.2022 13:05:34;1;4300
"Дезинфицирующее средство ""Aqualeon"" жидкое 30л с дыш.кр";13.09.2022 12:01:09;10;1680
"PH-минус ""Aqualeon"" жидкий 30л";13.09.2022 12:01:09;3;1820
Таблетки DPD 1 (Р) блистер;13.09.2022 12:01:09;10;95
"Дезинфицирующее средство ""Aqualeon"" жидкое 30л с дыш.кр";15.09.2022 13:27:17;10;1680
"Дезинфицирующее средство ""Aqualeon"" жидкое 30л с дыш.кр";19.09.2022 11:14:10;5;1677
"Дезинфицирующее средство ""Aqualeon"" жидкое 30л с дыш.кр";26.09.2022 13:21:11;6;1680
"Альгицид пролонгированного действия непенящийся ""Aqualeon"" 10 кг";26.09.2022 13:21:11;2;1421
"PH-минус ""Aqualeon"" жидкий 30л";26.09.2022 13:21:11;3;1820
"Дез. ср-во ""Aqualeon"" быстрый хлор гранулы (ведро 5кг)";28.09.2022 12:11:19;2;4900
"Дезинфицирующее средство ""Aqualeon"" жидкое 30л с дыш.кр";28.09.2022 14:01:08;2;1680
"Дезинфицирующее средство ""Aqualeon"" жидкое 30л с дыш.кр";10.10.2022 12:27:36;24;1680
"Коагулянт ""Aqualeon"" жидкий 30л";10.10.2022 12:27:36;2;2221.8
ПУЛТЕСТЕР ХЛОР/pH;10.10.2022 12:45:27;1;1800
Таблетки DPD 1 (Р) блистер;10.10.2022 12:45:27;20;130
Таблетки pH (Р) блистер;10.10.2022 12:45:27;20;130
"Дезинфицирующее средство ""Aqualeon"" жидкое 30л с дыш.кр";12.10.2022 13:16:29;3;2400
"PH-минус ""Aqualeon"" жидкий 30л";12.10.2022 13:16:29;1;2600
"Альгицид пролонгированного действия непенящийся ""Aqualeon"" 10 кг";12.10.2022 13:16:29;3;2300
Средство для зимней консервации, 5л;12.10.2022 13:16:29;2;5800
"Дез. ср-во ""Aqualeon"" медлен.стаб.хлор компл.действия таб (200г) ведро 5кг";14.10.2022 11:50:46;3;3966
"Регулятор PH-минус ""Aqualeon"" гранулы (ведро 1кг)";14.10.2022 11:50:46;6;492
"Дез. ср-во ""Aqualeon"" быстрый стаб. хлор в таб. (20г) ведро 4 кг";14.10.2022 11:50:46;3;2657
"Ниппель ПВХ D63/50-1 1/2"" (Испания)";20.10.2022 10:59:48;16;180
"Дезинфицирующее средство ""Aqualeon"" жидкое 30л с дыш.кр";21.10.2022 10:20:24;10;1680
"Соль таблетированная ""Универсальная"", мешок 25 кг (Беларусь)";04.11.2022 11:10:13;1;590
"Альгицид пролонгированного действия непенящийся ""Aqualeon"" 10 кг";04.11.2022 11:10:13;2;1421
"PH-минус ""Aqualeon"" жидкий 30л";04.11.2022 11:10:13;4;1820
"Дезинфицирующее средство ""Aqualeon"" жидкое 30л с дыш.кр";04.11.2022 11:10:13;8;1680
"Дезинфицирующее средство ""Aqualeon"" жидкое 30л с дыш.кр";09.11.2022 12:03:29;4;1680
Таблетки DPD 1 (Р) блистер;09.11.2022 14:00:59;50;130
Таблетки pH (Р) блистер;09.11.2022 14:00:59;50;130
"Дез. ср-во ""Aqualeon"" медлен.стаб.хлор компл.действия таб (200г) ведро 5кг";22.11.2022 12:19:45;1;4600
Дозатор Kokido K619BU/оранжевый 2в1 (с термометром);22.11.2022 12:19:45;1;690
"Дезинфицирующее средство ""Aqualeon"" жидкое 30л с дыш.кр";23.11.2022 11:50:37;15;1680
Кольцо переходное ПВХ 40-32;25.11.2022 11:14:51;8;56
Муфта ПВХ D 32;25.11.2022 11:14:51;3;60
Муфта ПВХ D 40;25.11.2022 11:14:51;2;90
Кольцо переходное ПВХ 40-25;25.11.2022 11:14:51;4;56
"Втулка с внутренней резьбой ПВХ 32-1""";25.11.2022 11:14:51;2;118
Заглушка ПВХ 32;25.11.2022 11:14:51;3;58
"Ниппель ПВХ D32/25-3/4""";25.11.2022 11:14:51;3;64
Кольцо переходное ПВХ 32-20;25.11.2022 11:14:51;10;45
"Втулка с внутренней резьбой ПВХ 50-1 1/2""";25.11.2022 11:14:51;7;225
"Ниппель ПВХ D63/50-1 1/2"" (Испания)";25.11.2022 11:14:51;2;180
Тройник ПВХ D50x90 (Испания);25.11.2022 11:14:51;1;240
Кольцо переходное ПВХ 50-32;25.11.2022 11:14:51;2;72
Кольцо переходное ПВХ 25-20;25.11.2022 11:14:51;4;42
Кольцо переходное ПВХ 50-40;25.11.2022 11:14:51;2;72
Кольцо переходное ПВХ 32-25;25.11.2022 11:14:51;2;42
Кольцо переходное ПВХ 25-20;25.11.2022 11:14:51;2;42
Кольцо переходное ПВХ 50-25;25.11.2022 11:14:51;4;72
Кольцо переходное ПВХ 50-40;25.11.2022 11:14:51;1;72
Заглушка ПВХ 40;25.11.2022 11:14:51;2;91
Угольник ПВХ 50*90 (Испания);25.11.2022 11:14:51;4;140
"Ниппель ПВХ D40/32-1""";25.11.2022 11:14:51;2;100
Кольцо переходное ПВХ 50-20;25.11.2022 11:14:51;2;72
Труба д.40х1.9 мм 10 Бар НПВХ клеевая с раструбом;25.11.2022 11:14:51;3;130
Кран шаровый ПВХ D32 (Испания);25.11.2022 11:14:51;6;1090
Кран шаровый ПВХ D63 (Испания);25.11.2022 11:14:51;1;2300
Бахрома 3м уличная мерцающая IP65 d=3,3мм 80л зеленый провод белая;28.11.2022 14:01:38;2;1500
"Дезинфицирующее средство ""Aqualeon"" жидкое 30л с дыш.кр";29.11.2022 13:27:31;5;1680
Кольцо переходное ПВХ 110-50;29.11.2022 15:45:14;1;498
Кольцо переходное ПВХ 200-110;29.11.2022 15:45:14;2;3399
Кольцо переходное ПВХ 40-32;29.11.2022 15:45:51;6;67.2
Кольцо переходное ПВХ 50-20;29.11.2022 15:45:51;2;86.4
"Втулка с внутренней резьбой ПВХ 32-1""";29.11.2022 15:45:51;4;129.8
"Ниппель ПВХ D25/20-1/2""";29.11.2022 15:45:51;1;63.8
"Втулка с внутренней резьбой ПВХ 63/50-2""";29.11.2022 15:45:51;8;449
"Ниппель ПВХ D50/40-1 1/4"" (Испания)";29.11.2022 15:45:51;5;163
Кольцо переходное ПВХ 63-50;29.11.2022 15:45:51;2;120
Труба д.40х1.9 мм 10 Бар НПВХ клеевая с раструбом;30.11.2022 14:53:00;24;250
Кольцо переходное ПВХ 32-20;01.12.2022 13:55:21;2;45
Угольник ПВХ 40*90;01.12.2022 13:55:21;6;135
Кольцо переходное ПВХ 32-25;01.12.2022 13:55:21;10;42
Муфта разборная ПВХ D63;01.12.2022 13:55:21;2;820
Труба д.63х3.0 мм 10 Бар НПВХ клеевая с раструбом;01.12.2022 13:55:21;3;378
Кольцо переходное ПВХ 40-32;01.12.2022 13:55:21;2;56
Песок кварцевый (0,63-1,0 мм) 25кг в мешках;02.12.2022 10:23:06;10;300
Песок кварцевый (0,8-2,0 мм) 25кг в мешках;02.12.2022 10:23:06;10;300
Тройник ПВХ D25x90 (Испания);02.12.2022 14:35:53;5;75
"Дезинфицирующее средство ""Aqualeon"" жидкое 30л с дыш.кр";05.12.2022 11:15:28;5;1680
Клей для труб из ПВХ Tangit PVC-U, 1кг ( с кистью);08.12.2022 14:43:10;1;2650
Обезжириватель (очиститель) Tangit, 1 л;08.12.2022 14:43:10;1;1392
"Дезинфицирующее средство ""Aqualeon"" жидкое 30л с дыш.кр";14.12.2022 10:13:53;24;1680
"PH-минус ""Aqualeon"" жидкий 30л";14.12.2022 10:13:53;5;1820
"Коагулянт ""Aqualeon"" жидкий 30л";14.12.2022 10:13:53;2;2222
Таблетки DPD 1 (Р) блистер;14.12.2022 10:13:53;50;130
Таблетки pH (Р) блистер;14.12.2022 10:13:53;50;130
"Муфта разборная ПВХ D32х1"" наружн резьба";14.12.2022 15:20:08;1;426
Труба гибкая ПВХ D32 белая;14.12.2022 15:20:08;1;415
"Дезинфицирующее средство ""Aqualeon"" жидкое 30л с дыш.кр";22.12.2022 13:33:27;12;1680
"PH-минус ""Aqualeon"" жидкий 30л";22.12.2022 13:33:27;6;1820
"Альгицид пролонгированного действия непенящийся ""Aqualeon"" 10 кг";22.12.2022 13:33:27;3;1421
"Соль таблетированная ""Универсальная"", мешок 25 кг (Беларусь)";22.12.2022 13:33:27;1;590
"PH-минус ""Aqualeon"" жидкий 30л";22.12.2022 13:44:45;2;1790
"Дезинфицирующее средство ""Aqualeon"" жидкое 30л с дыш.кр";22.12.2022 13:44:45;2;1680
"Альгицид пролонгированного действия непенящийся ""Aqualeon"" 5кг";22.12.2022 13:44:45;1;1040
"Дезинфицирующее средство ""Aqualeon"" жидкое 30л с дыш.кр";22.12.2022 13:47:55;5;1680
Угольник ПВХ 20*90 (Испания);23.12.2022 11:16:06;54;45
"Дезинфицирующее средство ""Aqualeon"" жидкое 30л с дыш.кр";23.12.2022 13:13:50;9;1680
Труба д.20х1.5 мм 16 Бар НПВХ клеевая с раструбом;23.12.2022 15:03:57;300;119
"Дезинфицирующее средство ""Aqualeon"" жидкое 30л с дыш.кр";26.12.2022 12:57:52;6;1680
